descriptor,missing_count_train,missing_percent_train
MAXsssdAs,67502,100.0
MAXsssssAs,67502,100.0
MAXsSeH,67502,100.0
MAXdssSe,67502,100.0
MAXddssSe,67502,100.0
MAXsSnH3,67502,100.0
MAXssSnH2,67502,100.0
MAXsssSnH,67502,100.0
MAXssssSn,67502,100.0
MAXsPbH3,67502,100.0
MAXssPbH2,67502,100.0
MINssSiH2,67502,100.0
MAXssssPb,67502,100.0
MINsLi,67502,100.0
MINssBe,67502,100.0
MINssssBe,67502,100.0
MINssBH,67502,100.0
MINssssB,67502,100.0
MINddC,67502,100.0
MINsNH3,67502,100.0
MINssNH2,67502,100.0
MINsssNH,67502,100.0
MINsSiH3,67502,100.0
MAXsssPbH,67502,100.0
MAXssBe,67502,100.0
MAXssssBe,67502,100.0
MAXssBH,67502,100.0
MAXssssB,67502,100.0
MAXddC,67502,100.0
MINssAsH,67502,100.0
MAXsNH3,67502,100.0
MAXssNH2,67502,100.0
MAXsssNH,67502,100.0
MAXsSiH3,67502,100.0
MAXssSiH2,67502,100.0
MAXsssAs,67502,100.0
MAXsPH2,67502,100.0
MAXssPH,67502,100.0
MAXsssP,67502,100.0
MAXsssssP,67502,100.0
MAXdssS,67502,100.0
MAXsGeH3,67502,100.0
MAXssGeH2,67502,100.0
MAXsssGeH,67502,100.0
MAXssssGe,67502,100.0
MAXsAsH2,67502,100.0
MAXssAsH,67502,100.0
MAXsssSiH,67502,100.0
MINdssSe,67502,100.0
MINssssPb,67502,100.0
MINsssP,67502,100.0
MINsAsH2,67502,100.0
MINssssGe,67502,100.0
MINsssGeH,67502,100.0
MINssGeH2,67502,100.0
MINsssssP,67502,100.0
MINssPH,67502,100.0
MINsGeH3,67502,100.0
MINddssSe,67502,100.0
MINsPbH3,67502,100.0
MINdssS,67502,100.0
MINsSnH3,67502,100.0
MINssSnH2,67502,100.0
MINsssSnH,67502,100.0
MINssssSn,67502,100.0
MINsssAs,67502,100.0
MINsSeH,67502,100.0
MINsPH2,67502,100.0
MINsssSiH,67502,100.0
MAXsLi,67502,100.0
MINsssPbH,67502,100.0
MINssPbH2,67502,100.0
MINsssdAs,67502,100.0
MINsssssAs,67502,100.0
MAXaaSe,67501,99.99851856241297
MINaaSe,67501,99.99851856241297
MINdSe,67501,99.99851856241297
MAXdSe,67501,99.99851856241297
MAXsssB,67500,99.99703712482592
MINsssB,67500,99.99703712482592
MAXssssN,67499,99.9955556872389
MAXssSe,67499,99.9955556872389
MINssssN,67499,99.9955556872389
MINssSe,67499,99.9955556872389
MINdsssP,67484,99.97333412343337
MAXdsssP,67484,99.97333412343337
MAXssssSi,67464,99.94370537169269
MINssssSi,67464,99.94370537169269
MINsSH,67458,99.93481674617048
MAXsSH,67458,99.93481674617048
MAXsI,67349,99.77334004918373
MINsI,67349,99.77334004918373
MAXdNH,67333,99.74963704779117
MINdNH,67333,99.74963704779117
MDEN-11,67182,99.52593997214898
MAXtCH,67140,99.46371959349352
MINtCH,67140,99.46371959349352
MAXdsN,67038,99.312612959616
MINdsN,67038,99.312612959616
MAXddsN,67016,99.28002133270125
MINddsN,67016,99.28002133270125
MDEC-44,66932,99.15558057539036
MAXdS,66801,98.96151225148884
MINdS,66801,98.96151225148884
MAXdCH2,66538,98.57189416609879
MINdCH2,66538,98.57189416609879
MINsBr,66128,97.96450475541465
MAXsBr,66128,97.96450475541465
MINtN,66065,97.87117418743149
MAXtN,66065,97.87117418743149
MAXtsC,65550,97.10823383010873
MINtsC,65550,97.10823383010873
MAXssS,65254,96.66972830434653
MINssS,65254,96.66972830434653
MAXdsCH,65021,96.32455334656751
MINdsCH,65021,96.32455334656751
MDEO-22,64815,96.01937720363841
MAXaaO,64495,95.54531717578737
MINaaO,64495,95.54531717578737
MINddssS,64450,95.47865248437083
MAXddssS,64450,95.47865248437083
MINaaS,64196,95.10236733726408
MAXaaS,64196,95.10236733726408
MAXsCl,63268,93.7275932564961
MINsCl,63268,93.7275932564961
MAXsNH2,62401,92.44318686853723
MINsNH2,62401,92.44318686853723
MDEN-12,62025,91.88616633581226
MDEN-13,61627,91.29655417617256
MDEC-14,60635,89.82696808983438
MINsF,59238,87.75739978074724
MAXsF,59238,87.75739978074724
MINaasN,58576,86.77668809813042
MAXaasN,58576,86.77668809813042
MINsOH,57695,85.47154158395307
MAXsOH,57695,85.47154158395307
MAXssssC,57149,84.66267666143226
MDEC-34,57149,84.66267666143226
MDEC-24,57149,84.66267666143226
MINssssC,57149,84.66267666143226
MAXssO,51676,76.55476874759266
MINssO,51676,76.55476874759266
MDEC-11,50071,74.17706142040235
MDEO-12,49364,73.12968504636899
MAXaaaC,48078,71.22455630944269
MINaaaC,48078,71.22455630944269
MAXaaNH,47441,70.28088056650174
MINaaNH,47441,70.28088056650174
MAXsssCH,37421,55.436875944416464
MINsssCH,37421,55.436875944416464
MDEN-33,35153,52.07697549702232
MAXaaN,33038,48.943735000444434
MINaaN,33038,48.943735000444434
MAXsCH3,29129,43.15279547272674
MINsCH3,29129,43.15279547272674
MDEO-11,28733,42.56614618826109
MDEC-12,28398,42.069864596604546
MDEC-13,28398,42.069864596604546
MDEN-22,26278,38.92921691209149
MAXssNH,22775,33.73974104470979
MINssNH,22775,33.73974104470979
MDEN-23,11724,17.36837427039199
MINsssN,5437,8.054576160706349
MAXsssN,5437,8.054576160706349
MINdssC,1266,1.875499985185624
MAXdssC,1266,1.875499985185624
MAXdO,1029,1.5243992770584576
MINdO,1029,1.5243992770584576
MINssCH2,180,0.2666587656662025
MAXssCH2,180,0.2666587656662025
Vabc,153,0.22665995081627208
MINaasC,107,0.15851382181268703
MAXaasC,107,0.15851382181268703
MINaaCH,77,0.11407069420165329
MAXaaCH,77,0.11407069420165329
MDEC-33,12,0.017777251044413498
MATS8c,7,0.010370063109241209
GATS8c,7,0.010370063109241209
AATSC8c,7,0.010370063109241209
ATSC6c,5,0.007407187935172291
ATSC5c,5,0.007407187935172291
ATSC3c,5,0.007407187935172291
BCUTc-1h,5,0.007407187935172291
ATSC2c,5,0.007407187935172291
ATSC1c,5,0.007407187935172291
ATSC0c,5,0.007407187935172291
ATSC7c,5,0.007407187935172291
MATS3c,5,0.007407187935172291
MATS4c,5,0.007407187935172291
MATS5c,5,0.007407187935172291
MATS6c,5,0.007407187935172291
MATS7c,5,0.007407187935172291
MATS2c,5,0.007407187935172291
MATS1c,5,0.007407187935172291
GATS7c,5,0.007407187935172291
GATS6c,5,0.007407187935172291
GATS5c,5,0.007407187935172291
GATS4c,5,0.007407187935172291
BCUTc-1l,5,0.007407187935172291
GATS2c,5,0.007407187935172291
GATS1c,5,0.007407187935172291
AATSC0c,5,0.007407187935172291
AATSC1c,5,0.007407187935172291
AATSC2c,5,0.007407187935172291
AATSC3c,5,0.007407187935172291
AATSC4c,5,0.007407187935172291
AATSC5c,5,0.007407187935172291
AATSC6c,5,0.007407187935172291
AATSC7c,5,0.007407187935172291
ATSC8c,5,0.007407187935172291
GATS3c,5,0.007407187935172291
RNCG,5,0.007407187935172291
RPCG,5,0.007407187935172291
ATSC4c,5,0.007407187935172291
AATS8v,2,0.0029628751740689166
AATSC8m,2,0.0029628751740689166
GATS8are,2,0.0029628751740689166
AATSC8s,2,0.0029628751740689166
AATSC8i,2,0.0029628751740689166
GATS8v,2,0.0029628751740689166
AATS8m,2,0.0029628751740689166
GATS8pe,2,0.0029628751740689166
GATS8dv,2,0.0029628751740689166
AATS8dv,2,0.0029628751740689166
AATSC8p,2,0.0029628751740689166
MATS8se,2,0.0029628751740689166
AATSC8Z,2,0.0029628751740689166
AATS8Z,2,0.0029628751740689166
AATS8d,2,0.0029628751740689166
AATSC8pe,2,0.0029628751740689166
GATS8d,2,0.0029628751740689166
MATS8Z,2,0.0029628751740689166
AATSC8are,2,0.0029628751740689166
GATS8se,2,0.0029628751740689166
AATS8s,2,0.0029628751740689166
MATS8v,2,0.0029628751740689166
MATS8s,2,0.0029628751740689166
AATS8pe,2,0.0029628751740689166
GATS8s,2,0.0029628751740689166
MATS8m,2,0.0029628751740689166
GATS8Z,2,0.0029628751740689166
AATS8p,2,0.0029628751740689166
AATSC8v,2,0.0029628751740689166
GATS8i,2,0.0029628751740689166
AATSC8dv,2,0.0029628751740689166
GATS8p,2,0.0029628751740689166
MATS8dv,2,0.0029628751740689166
MATS8d,2,0.0029628751740689166
MATS8p,2,0.0029628751740689166
MATS8are,2,0.0029628751740689166
AATS8se,2,0.0029628751740689166
AATSC8d,2,0.0029628751740689166
AATS8i,2,0.0029628751740689166
MATS8i,2,0.0029628751740689166
GATS8m,2,0.0029628751740689166
MATS8pe,2,0.0029628751740689166
AATSC8se,2,0.0029628751740689166
AATS8are,2,0.0029628751740689166
AETA_eta_RL,1,0.0014814375870344583
ETA_eta_RL,1,0.0014814375870344583
AETA_eta_R,1,0.0014814375870344583
ETA_eta_R,1,0.0014814375870344583
ETA_epsilon_3,1,0.0014814375870344583
ETA_eta_F,1,0.0014814375870344583
ETA_dAlpha_B,1,0.0014814375870344583
AETA_eta_F,1,0.0014814375870344583
ETA_eta_FL,1,0.0014814375870344583
ETA_dAlpha_A,1,0.0014814375870344583
AETA_eta_FL,1,0.0014814375870344583
ETA_eta_B,1,0.0014814375870344583
AETA_eta_BR,1,0.0014814375870344583
AETA_eta_B,1,0.0014814375870344583
ETA_eta_BR,1,0.0014814375870344583
ETA_dEpsilon_A,1,0.0014814375870344583
ETA_dEpsilon_C,1,0.0014814375870344583
NssssB,0,0.0
NsCH3,0,0.0
NaaO,0,0.0
NdO,0,0.0
NsOH,0,0.0
NssssN,0,0.0
NaasN,0,0.0
NddsN,0,0.0
NdCH2,0,0.0
NssCH2,0,0.0
NsssN,0,0.0
NaaN,0,0.0
NdsN,0,0.0
NsssNH,0,0.0
NtN,0,0.0
NssNH,0,0.0
NdNH,0,0.0
NssNH2,0,0.0
NsNH2,0,0.0
NsNH3,0,0.0
NssssC,0,0.0
NaaaC,0,0.0
NaasC,0,0.0
NdssC,0,0.0
NtsC,0,0.0
NddC,0,0.0
NsssCH,0,0.0
NaaCH,0,0.0
NdsCH,0,0.0
NtCH,0,0.0
NaaNH,0,0.0
LogEE_Dt,0,0.0
SpMAD_Dt,0,0.0
SpAD_Dt,0,0.0
SpDiam_Dt,0,0.0
SpMax_Dt,0,0.0
SpAbs_Dt,0,0.0
Mi,0,0.0
Mp,0,0.0
Mare,0,0.0
Mpe,0,0.0
Mse,0,0.0
NssO,0,0.0
Mm,0,0.0
MZ,0,0.0
Si,0,0.0
Sp,0,0.0
Sare,0,0.0
Spe,0,0.0
Sse,0,0.0
Sv,0,0.0
Sm,0,0.0
SZ,0,0.0
AXp-6dv,0,0.0
Mv,0,0.0
NsssB,0,0.0
NssBH,0,0.0
NssssBe,0,0.0
NssBe,0,0.0
NsLi,0,0.0
VR3_D,0,0.0
VR2_D,0,0.0
VR1_D,0,0.0
VE3_D,0,0.0
VE2_D,0,0.0
VE1_D,0,0.0
SM1_Dt,0,0.0
SpMAD_D,0,0.0
SpAD_D,0,0.0
SpDiam_D,0,0.0
SpMax_D,0,0.0
SpAbs_D,0,0.0
DetourIndex,0,0.0
VR3_Dt,0,0.0
VR2_Dt,0,0.0
VR1_Dt,0,0.0
VE3_Dt,0,0.0
VE2_Dt,0,0.0
VE1_Dt,0,0.0
LogEE_D,0,0.0
SdS,0,0.0
SsSH,0,0.0
SsssssP,0,0.0
SdsssP,0,0.0
SsssP,0,0.0
SssPH,0,0.0
SsPH2,0,0.0
SssssSi,0,0.0
SsssSiH,0,0.0
SssSiH2,0,0.0
SsSiH3,0,0.0
SsF,0,0.0
SaaO,0,0.0
SssO,0,0.0
NdS,0,0.0
SsOH,0,0.0
SssssN,0,0.0
SaasN,0,0.0
SddsN,0,0.0
SsssN,0,0.0
SaaN,0,0.0
SdsN,0,0.0
SsssNH,0,0.0
StN,0,0.0
SaaNH,0,0.0
SssNH,0,0.0
SdNH,0,0.0
SssNH2,0,0.0
SsNH2,0,0.0
SdO,0,0.0
SssssPb,0,0.0
SsssPbH,0,0.0
SssPbH2,0,0.0
SsPbH3,0,0.0
SsI,0,0.0
SssssSn,0,0.0
SsssSnH,0,0.0
SssSnH2,0,0.0
SsSnH3,0,0.0
SsBr,0,0.0
SddssSe,0,0.0
SdssSe,0,0.0
SaaSe,0,0.0
SssSe,0,0.0
SssS,0,0.0
SsSeH,0,0.0
SsssssAs,0,0.0
SsssdAs,0,0.0
SsssAs,0,0.0
SssAsH,0,0.0
SsAsH2,0,0.0
SssssGe,0,0.0
SsssGeH,0,0.0
SssGeH2,0,0.0
SsGeH3,0,0.0
SsCl,0,0.0
SddssS,0,0.0
SdssS,0,0.0
SaaS,0,0.0
SdSe,0,0.0
NaaSe,0,0.0
NssSe,0,0.0
NdSe,0,0.0
NsSeH,0,0.0
NsssssAs,0,0.0
NsssdAs,0,0.0
NsssAs,0,0.0
NssAsH,0,0.0
NsAsH2,0,0.0
NssssGe,0,0.0
NsssGeH,0,0.0
NssGeH2,0,0.0
NsGeH3,0,0.0
NsCl,0,0.0
SsNH3,0,0.0
NdssS,0,0.0
NaaS,0,0.0
NssS,0,0.0
NsSH,0,0.0
NsssssP,0,0.0
NdsssP,0,0.0
NsssP,0,0.0
NssPH,0,0.0
NsPH2,0,0.0
NssssSi,0,0.0
NsssSiH,0,0.0
NssSiH2,0,0.0
NsSiH3,0,0.0
NsF,0,0.0
NddssS,0,0.0
SssssC,0,0.0
SaaaC,0,0.0
SaasC,0,0.0
SdssC,0,0.0
StsC,0,0.0
SddC,0,0.0
SsssCH,0,0.0
SaaCH,0,0.0
SdsCH,0,0.0
StCH,0,0.0
SssCH2,0,0.0
SdCH2,0,0.0
SsCH3,0,0.0
SssssB,0,0.0
NdssSe,0,0.0
SssBH,0,0.0
SssssBe,0,0.0
SssBe,0,0.0
SsLi,0,0.0
NssssPb,0,0.0
NsssPbH,0,0.0
NssPbH2,0,0.0
NsPbH3,0,0.0
NsI,0,0.0
NssssSn,0,0.0
NsssSnH,0,0.0
NssSnH2,0,0.0
NsSnH3,0,0.0
NsBr,0,0.0
NddssSe,0,0.0
SsssB,0,0.0
nG12FRing,0,0.0
n12FRing,0,0.0
n11FRing,0,0.0
n10FRing,0,0.0
n9FRing,0,0.0
n8FRing,0,0.0
n7FRing,0,0.0
n6FRing,0,0.0
n5FRing,0,0.0
n4FRing,0,0.0
AXp-7dv,0,0.0
nG12AHRing,0,0.0
n12AHRing,0,0.0
n11AHRing,0,0.0
n10AHRing,0,0.0
n9AHRing,0,0.0
n8AHRing,0,0.0
n7AHRing,0,0.0
n6AHRing,0,0.0
n5AHRing,0,0.0
n4AHRing,0,0.0
n3AHRing,0,0.0
nFRing,0,0.0
nFaHRing,0,0.0
nG12FaRing,0,0.0
n12FaRing,0,0.0
n11FaRing,0,0.0
n10FaRing,0,0.0
n9FaRing,0,0.0
n8FaRing,0,0.0
n7FaRing,0,0.0
n6FaRing,0,0.0
n5FaRing,0,0.0
nFHRing,0,0.0
nFaRing,0,0.0
nG12FHRing,0,0.0
n12FHRing,0,0.0
n11FHRing,0,0.0
n10FHRing,0,0.0
n9FHRing,0,0.0
n8FHRing,0,0.0
n7FHRing,0,0.0
n6FHRing,0,0.0
n5FHRing,0,0.0
n4FHRing,0,0.0
n4FaRing,0,0.0
nG12aRing,0,0.0
n12aRing,0,0.0
n11aRing,0,0.0
n10aRing,0,0.0
n9aRing,0,0.0
n8aRing,0,0.0
n7aRing,0,0.0
n6aRing,0,0.0
n5aRing,0,0.0
n4aRing,0,0.0
nAHRing,0,0.0
naRing,0,0.0
nG12HRing,0,0.0
n12HRing,0,0.0
n11HRing,0,0.0
n10HRing,0,0.0
n9HRing,0,0.0
n8HRing,0,0.0
n7HRing,0,0.0
n6HRing,0,0.0
n5HRing,0,0.0
n4HRing,0,0.0
n3aRing,0,0.0
nG12ARing,0,0.0
n12ARing,0,0.0
n11ARing,0,0.0
n10ARing,0,0.0
n9ARing,0,0.0
n8ARing,0,0.0
n7ARing,0,0.0
n6ARing,0,0.0
n5ARing,0,0.0
n4ARing,0,0.0
n3ARing,0,0.0
naHRing,0,0.0
nG12aHRing,0,0.0
n12aHRing,0,0.0
n11aHRing,0,0.0
n10aHRing,0,0.0
n9aHRing,0,0.0
n8aHRing,0,0.0
n7aHRing,0,0.0
n6aHRing,0,0.0
n5aHRing,0,0.0
n4aHRing,0,0.0
n3aHRing,0,0.0
nARing,0,0.0
ATS0d,0,0.0
TopoPSA(NO),0,0.0
SMR,0,0.0
SLogP,0,0.0
RotRatio,0,0.0
nRot,0,0.0
nG12FAHRing,0,0.0
n12FAHRing,0,0.0
MWC05,0,0.0
ATS8dv,0,0.0
n4FaHRing,0,0.0
ATS6dv,0,0.0
ATS5dv,0,0.0
ATS4dv,0,0.0
ATS3dv,0,0.0
ATS2dv,0,0.0
ATS1dv,0,0.0
ATS0dv,0,0.0
nX,0,0.0
nI,0,0.0
nBr,0,0.0
nCl,0,0.0
ATS7dv,0,0.0
Radius,0,0.0
Diameter,0,0.0
JGT10,0,0.0
JGI10,0,0.0
JGI9,0,0.0
JGI8,0,0.0
JGI7,0,0.0
JGI6,0,0.0
JGI5,0,0.0
JGI4,0,0.0
GGI1,0,0.0
JGI2,0,0.0
JGI1,0,0.0
GGI10,0,0.0
GGI9,0,0.0
GGI8,0,0.0
GGI7,0,0.0
GGI6,0,0.0
GGI5,0,0.0
GGI4,0,0.0
GGI3,0,0.0
GGI2,0,0.0
JGI3,0,0.0
n4FAHRing,0,0.0
nFAHRing,0,0.0
nG12FARing,0,0.0
n12FARing,0,0.0
n11FARing,0,0.0
n10FARing,0,0.0
n9FARing,0,0.0
n8FARing,0,0.0
n7FARing,0,0.0
n6FARing,0,0.0
nF,0,0.0
n4FARing,0,0.0
nFARing,0,0.0
nG12FaHRing,0,0.0
n12FaHRing,0,0.0
n11FaHRing,0,0.0
n10FaHRing,0,0.0
n9FaHRing,0,0.0
n8FaHRing,0,0.0
n7FaHRing,0,0.0
n6FaHRing,0,0.0
n5FaHRing,0,0.0
n5FARing,0,0.0
nP,0,0.0
nS,0,0.0
nO,0,0.0
nN,0,0.0
nC,0,0.0
nB,0,0.0
nH,0,0.0
nHetero,0,0.0
nBridgehead,0,0.0
VE3_A,0,0.0
nHeavyAtom,0,0.0
n5FAHRing,0,0.0
nAromBond,0,0.0
nAromAtom,0,0.0
VR3_A,0,0.0
VR2_A,0,0.0
VR1_A,0,0.0
n11FAHRing,0,0.0
n10FAHRing,0,0.0
n9FAHRing,0,0.0
n8FAHRing,0,0.0
n7FAHRing,0,0.0
n6FAHRing,0,0.0
nAtom,0,0.0
MIC5,0,0.0
MIC4,0,0.0
MIC3,0,0.0
MIC2,0,0.0
MIC1,0,0.0
MIC0,0,0.0
CIC5,0,0.0
CIC4,0,0.0
CIC3,0,0.0
CIC2,0,0.0
n3HRing,0,0.0
CIC0,0,0.0
BIC5,0,0.0
BIC4,0,0.0
BIC3,0,0.0
BIC2,0,0.0
BIC1,0,0.0
BIC0,0,0.0
SIC5,0,0.0
SIC4,0,0.0
SIC3,0,0.0
SIC2,0,0.0
CIC1,0,0.0
PEOE_VSA9,0,0.0
PEOE_VSA8,0,0.0
PEOE_VSA7,0,0.0
PEOE_VSA6,0,0.0
PEOE_VSA5,0,0.0
PEOE_VSA4,0,0.0
PEOE_VSA3,0,0.0
PEOE_VSA2,0,0.0
PEOE_VSA1,0,0.0
LabuteASA,0,0.0
ZMIC0,0,0.0
FilterItLogS,0,0.0
GhoseFilter,0,0.0
Lipinski,0,0.0
Kier3,0,0.0
Kier2,0,0.0
Kier1,0,0.0
ZMIC5,0,0.0
ZMIC4,0,0.0
ZMIC3,0,0.0
ZMIC2,0,0.0
ZMIC1,0,0.0
VMcGowan,0,0.0
ETA_epsilon_5,0,0.0
ETA_epsilon_4,0,0.0
ETA_epsilon_2,0,0.0
ETA_epsilon_1,0,0.0
AETA_eta_L,0,0.0
ETA_eta_L,0,0.0
AETA_eta,0,0.0
ETA_eta,0,0.0
AETA_beta_ns_d,0,0.0
ETA_beta_ns_d,0,0.0
SIC1,0,0.0
ETA_beta_ns,0,0.0
AETA_beta_s,0,0.0
ETA_beta_s,0,0.0
AETA_beta,0,0.0
ETA_beta,0,0.0
ETA_shape_x,0,0.0
ETA_shape_y,0,0.0
ETA_shape_p,0,0.0
AETA_alpha,0,0.0
ETA_alpha,0,0.0
ECIndex,0,0.0
AETA_beta_ns,0,0.0
SIC0,0,0.0
TIC5,0,0.0
TIC4,0,0.0
TIC3,0,0.0
TIC2,0,0.0
TIC1,0,0.0
TIC0,0,0.0
IC5,0,0.0
IC4,0,0.0
IC3,0,0.0
IC2,0,0.0
ETA_dEpsilon_B,0,0.0
IC0,0,0.0
nHBDon,0,0.0
nHBAcc,0,0.0
fMF,0,0.0
fragCpx,0,0.0
ETA_dPsi_B,0,0.0
ETA_dPsi_A,0,0.0
ETA_psi_1,0,0.0
AETA_dBeta,0,0.0
ETA_dBeta,0,0.0
ETA_dEpsilon_D,0,0.0
IC1,0,0.0
piPC3,0,0.0
piPC2,0,0.0
piPC1,0,0.0
TMPC10,0,0.0
MPC10,0,0.0
MPC9,0,0.0
MPC8,0,0.0
MPC7,0,0.0
MPC6,0,0.0
MPC5,0,0.0
PEOE_VSA10,0,0.0
MPC3,0,0.0
MPC2,0,0.0
AMID_X,0,0.0
MID_X,0,0.0
AMID_O,0,0.0
MID_O,0,0.0
AMID_N,0,0.0
MID_N,0,0.0
AMID_C,0,0.0
MID_C,0,0.0
AMID_h,0,0.0
MPC4,0,0.0
nHRing,0,0.0
nG12Ring,0,0.0
n12Ring,0,0.0
n11Ring,0,0.0
n10Ring,0,0.0
n9Ring,0,0.0
n8Ring,0,0.0
n7Ring,0,0.0
n6Ring,0,0.0
n5Ring,0,0.0
piPC4,0,0.0
n3Ring,0,0.0
nRing,0,0.0
bpol,0,0.0
apol,0,0.0
TpiPC10,0,0.0
piPC10,0,0.0
piPC9,0,0.0
piPC8,0,0.0
piPC7,0,0.0
piPC6,0,0.0
piPC5,0,0.0
n4Ring,0,0.0
SlogP_VSA10,0,0.0
SlogP_VSA9,0,0.0
SlogP_VSA8,0,0.0
SlogP_VSA7,0,0.0
SlogP_VSA6,0,0.0
SlogP_VSA5,0,0.0
SlogP_VSA4,0,0.0
SlogP_VSA3,0,0.0
SlogP_VSA2,0,0.0
SlogP_VSA1,0,0.0
MID_h,0,0.0
SMR_VSA8,0,0.0
SMR_VSA7,0,0.0
SMR_VSA6,0,0.0
SMR_VSA5,0,0.0
SMR_VSA4,0,0.0
SMR_VSA3,0,0.0
SMR_VSA2,0,0.0
SMR_VSA1,0,0.0
PEOE_VSA13,0,0.0
PEOE_VSA12,0,0.0
PEOE_VSA11,0,0.0
SMR_VSA9,0,0.0
AMID,0,0.0
MID,0,0.0
MDEC-23,0,0.0
MDEC-22,0,0.0
VSA_EState9,0,0.0
VSA_EState8,0,0.0
VSA_EState7,0,0.0
VSA_EState6,0,0.0
VSA_EState5,0,0.0
VSA_EState4,0,0.0
VSA_EState3,0,0.0
SlogP_VSA11,0,0.0
VSA_EState1,0,0.0
EState_VSA10,0,0.0
EState_VSA9,0,0.0
EState_VSA8,0,0.0
EState_VSA7,0,0.0
EState_VSA6,0,0.0
EState_VSA5,0,0.0
EState_VSA4,0,0.0
EState_VSA3,0,0.0
EState_VSA2,0,0.0
EState_VSA1,0,0.0
VSA_EState2,0,0.0
ATSC3m,0,0.0
ATSC2m,0,0.0
ATSC1m,0,0.0
ATSC0m,0,0.0
ATSC8Z,0,0.0
ATSC7Z,0,0.0
ATSC6Z,0,0.0
ATSC5Z,0,0.0
ATSC4Z,0,0.0
ATSC3Z,0,0.0
Xc-6d,0,0.0
ATSC1Z,0,0.0
ATSC0Z,0,0.0
ATSC8s,0,0.0
ATSC7s,0,0.0
ATSC6s,0,0.0
ATSC5s,0,0.0
ATSC4s,0,0.0
ATSC3s,0,0.0
ATSC2s,0,0.0
ATSC1s,0,0.0
ATSC0s,0,0.0
ATSC2Z,0,0.0
ATSC0pe,0,0.0
ATSC8se,0,0.0
ATSC7se,0,0.0
ATSC6se,0,0.0
ATSC5se,0,0.0
ATSC4se,0,0.0
ATSC3se,0,0.0
ATSC2se,0,0.0
ATSC1se,0,0.0
ATSC0se,0,0.0
ATSC8v,0,0.0
ATSC4m,0,0.0
ATSC6v,0,0.0
ATSC5v,0,0.0
ATSC4v,0,0.0
ATSC3v,0,0.0
ATSC2v,0,0.0
ATSC1v,0,0.0
ATSC0v,0,0.0
ATSC8m,0,0.0
ATSC7m,0,0.0
ATSC6m,0,0.0
ATSC5m,0,0.0
ATSC7v,0,0.0
AATS0i,0,0.0
AATS7p,0,0.0
AATS6p,0,0.0
AATS5p,0,0.0
AATS4p,0,0.0
AATS3p,0,0.0
AATS2p,0,0.0
AATS1p,0,0.0
AATS0p,0,0.0
AATS7are,0,0.0
AATS6are,0,0.0
ATSC8d,0,0.0
AATS4are,0,0.0
AATS3are,0,0.0
AATS2are,0,0.0
AATS1are,0,0.0
AATS0are,0,0.0
AATS7pe,0,0.0
AATS6pe,0,0.0
AATS5pe,0,0.0
AATS4pe,0,0.0
AATS3pe,0,0.0
AATS2pe,0,0.0
AATS5are,0,0.0
ATSC7d,0,0.0
ATSC6d,0,0.0
ATSC5d,0,0.0
ATSC4d,0,0.0
ATSC3d,0,0.0
ATSC2d,0,0.0
ATSC1d,0,0.0
ATSC0d,0,0.0
ATSC8dv,0,0.0
ATSC7dv,0,0.0
ATSC6dv,0,0.0
AATS1i,0,0.0
ATSC4dv,0,0.0
ATSC3dv,0,0.0
ATSC2dv,0,0.0
ATSC1dv,0,0.0
ATSC0dv,0,0.0
AATS7i,0,0.0
AATS6i,0,0.0
AATS5i,0,0.0
AATS4i,0,0.0
AATS3i,0,0.0
AATS2i,0,0.0
ATSC5dv,0,0.0
AATSC4m,0,0.0
AATSC3m,0,0.0
AATSC2m,0,0.0
AATSC1m,0,0.0
AATSC0m,0,0.0
AATSC7Z,0,0.0
AATSC6Z,0,0.0
AATSC5Z,0,0.0
AATSC4Z,0,0.0
AATSC3Z,0,0.0
AATSC2Z,0,0.0
ATSC1pe,0,0.0
AATSC0Z,0,0.0
AATSC7s,0,0.0
AATSC6s,0,0.0
AATSC5s,0,0.0
AATSC4s,0,0.0
AATSC3s,0,0.0
AATSC2s,0,0.0
AATSC1s,0,0.0
AATSC0s,0,0.0
AATSC7d,0,0.0
AATSC6d,0,0.0
AATSC1Z,0,0.0
AATSC4pe,0,0.0
AATSC3pe,0,0.0
AATSC2pe,0,0.0
AATSC1pe,0,0.0
AATSC0pe,0,0.0
AATSC7se,0,0.0
AATSC6se,0,0.0
AATSC5se,0,0.0
AATSC4se,0,0.0
AATSC3se,0,0.0
AATSC2se,0,0.0
AATSC5m,0,0.0
AATSC0se,0,0.0
AATSC7v,0,0.0
AATSC6v,0,0.0
AATSC5v,0,0.0
AATSC4v,0,0.0
AATSC3v,0,0.0
AATSC2v,0,0.0
AATSC1v,0,0.0
AATSC0v,0,0.0
AATSC7m,0,0.0
AATSC6m,0,0.0
AATSC1se,0,0.0
ATSC6p,0,0.0
ATSC5p,0,0.0
ATSC4p,0,0.0
ATSC3p,0,0.0
ATSC2p,0,0.0
ATSC1p,0,0.0
ATSC0p,0,0.0
ATSC8are,0,0.0
ATSC7are,0,0.0
ATSC6are,0,0.0
ATSC5are,0,0.0
AATSC5d,0,0.0
ATSC3are,0,0.0
ATSC2are,0,0.0
ATSC1are,0,0.0
ATSC0are,0,0.0
ATSC8pe,0,0.0
ATSC7pe,0,0.0
ATSC6pe,0,0.0
ATSC5pe,0,0.0
ATSC4pe,0,0.0
ATSC3pe,0,0.0
ATSC2pe,0,0.0
ATSC4are,0,0.0
AATSC4d,0,0.0
AATSC3d,0,0.0
AATSC2d,0,0.0
AATSC1d,0,0.0
AATSC0d,0,0.0
AATSC7dv,0,0.0
AATSC6dv,0,0.0
AATSC5dv,0,0.0
AATSC4dv,0,0.0
AATSC3dv,0,0.0
AATSC2dv,0,0.0
ATSC7p,0,0.0
AATSC0dv,0,0.0
ATSC8i,0,0.0
ATSC7i,0,0.0
ATSC6i,0,0.0
ATSC5i,0,0.0
ATSC4i,0,0.0
ATSC3i,0,0.0
ATSC2i,0,0.0
ATSC1i,0,0.0
ATSC0i,0,0.0
ATSC8p,0,0.0
AATSC1dv,0,0.0
ATS8Z,0,0.0
ATS7Z,0,0.0
ATS6Z,0,0.0
ATS5Z,0,0.0
ATS4Z,0,0.0
ATS3Z,0,0.0
ATS2Z,0,0.0
ATS1Z,0,0.0
ATS0Z,0,0.0
ATS8s,0,0.0
AATS1pe,0,0.0
ATS6s,0,0.0
ATS5s,0,0.0
ATS4s,0,0.0
ATS3s,0,0.0
ATS2s,0,0.0
ATS1s,0,0.0
ATS0s,0,0.0
ATS8d,0,0.0
ATS7d,0,0.0
ATS6d,0,0.0
ATS5d,0,0.0
ATS7s,0,0.0
ATS5se,0,0.0
ATS4se,0,0.0
ATS3se,0,0.0
ATS2se,0,0.0
ATS1se,0,0.0
ATS0se,0,0.0
ATS8v,0,0.0
ATS7v,0,0.0
ATS6v,0,0.0
ATS5v,0,0.0
ATS4v,0,0.0
ATS0m,0,0.0
ATS2v,0,0.0
ATS1v,0,0.0
ATS0v,0,0.0
ATS8m,0,0.0
ATS7m,0,0.0
ATS6m,0,0.0
ATS5m,0,0.0
ATS4m,0,0.0
ATS3m,0,0.0
ATS2m,0,0.0
ATS1m,0,0.0
ATS3v,0,0.0
MWC08,0,0.0
MWC07,0,0.0
MWC06,0,0.0
TopoShapeIndex,0,0.0
MWC04,0,0.0
MWC03,0,0.0
MWC02,0,0.0
MWC01,0,0.0
VAdjMat,0,0.0
PetitjeanIndex,0,0.0
VE2_A,0,0.0
ATS4d,0,0.0
LogEE_A,0,0.0
SpMAD_A,0,0.0
SpAD_A,0,0.0
SpDiam_A,0,0.0
SpMax_A,0,0.0
SpAbs_A,0,0.0
nBase,0,0.0
nAcid,0,0.0
ABCGG,0,0.0
ABC,0,0.0
mZagreb2,0,0.0
VE1_A,0,0.0
ATS3d,0,0.0
ATS2d,0,0.0
ATS1d,0,0.0
TopoPSA,0,0.0
mZagreb1,0,0.0
Zagreb2,0,0.0
Zagreb1,0,0.0
WPol,0,0.0
WPath,0,0.0
AMW,0,0.0
MW,0,0.0
MWC09,0,0.0
SRW10,0,0.0
SRW09,0,0.0
SRW08,0,0.0
SRW07,0,0.0
SRW06,0,0.0
SRW05,0,0.0
SRW04,0,0.0
SRW03,0,0.0
SRW02,0,0.0
TMWC10,0,0.0
MWC10,0,0.0
TSRW10,0,0.0
AATS0m,0,0.0
AATS7Z,0,0.0
AATS6Z,0,0.0
AATS5Z,0,0.0
AATS4Z,0,0.0
AATS3Z,0,0.0
AATS2Z,0,0.0
AATS1Z,0,0.0
AATS0Z,0,0.0
AATS7s,0,0.0
AATS6s,0,0.0
ATS6se,0,0.0
AATS4s,0,0.0
AATS3s,0,0.0
AATS2s,0,0.0
AATS1s,0,0.0
AATS0s,0,0.0
AATS7d,0,0.0
AATS6d,0,0.0
AATS5d,0,0.0
AATS4d,0,0.0
AATS3d,0,0.0
AATS2d,0,0.0
AATS5s,0,0.0
AATS0pe,0,0.0
AATS7se,0,0.0
AATS6se,0,0.0
AATS5se,0,0.0
AATS4se,0,0.0
AATS3se,0,0.0
AATS2se,0,0.0
AATS1se,0,0.0
AATS0se,0,0.0
AATS7v,0,0.0
AATS6v,0,0.0
AATS1m,0,0.0
AATS4v,0,0.0
AATS3v,0,0.0
AATS2v,0,0.0
AATS1v,0,0.0
AATS0v,0,0.0
AATS7m,0,0.0
AATS6m,0,0.0
AATS5m,0,0.0
AATS4m,0,0.0
AATS3m,0,0.0
AATS2m,0,0.0
AATS5v,0,0.0
ATS2p,0,0.0
ATS1p,0,0.0
ATS0p,0,0.0
ATS8are,0,0.0
ATS7are,0,0.0
ATS6are,0,0.0
ATS5are,0,0.0
ATS4are,0,0.0
ATS3are,0,0.0
ATS2are,0,0.0
ATS1are,0,0.0
AATS1d,0,0.0
ATS8pe,0,0.0
ATS7pe,0,0.0
ATS6pe,0,0.0
ATS5pe,0,0.0
ATS4pe,0,0.0
ATS3pe,0,0.0
ATS2pe,0,0.0
ATS1pe,0,0.0
ATS0pe,0,0.0
ATS8se,0,0.0
ATS7se,0,0.0
ATS0are,0,0.0
AATS0d,0,0.0
AATS7dv,0,0.0
AATS6dv,0,0.0
AATS5dv,0,0.0
AATS4dv,0,0.0
AATS3dv,0,0.0
AATS2dv,0,0.0
AATS1dv,0,0.0
AATS0dv,0,0.0
ATS8i,0,0.0
ATS7i,0,0.0
ATS3p,0,0.0
ATS5i,0,0.0
ATS4i,0,0.0
ATS3i,0,0.0
ATS2i,0,0.0
ATS1i,0,0.0
ATS0i,0,0.0
ATS8p,0,0.0
ATS7p,0,0.0
ATS6p,0,0.0
ATS5p,0,0.0
ATS4p,0,0.0
ATS6i,0,0.0
SM1_Dzpe,0,0.0
LogEE_Dzpe,0,0.0
SpMAD_Dzpe,0,0.0
SpAD_Dzpe,0,0.0
SpDiam_Dzpe,0,0.0
SpMax_Dzpe,0,0.0
SpAbs_Dzpe,0,0.0
VR3_Dzse,0,0.0
VR2_Dzse,0,0.0
VR1_Dzse,0,0.0
AATSC5pe,0,0.0
VE2_Dzse,0,0.0
VE1_Dzse,0,0.0
SM1_Dzse,0,0.0
LogEE_Dzse,0,0.0
SpMAD_Dzse,0,0.0
SpAD_Dzse,0,0.0
SpDiam_Dzse,0,0.0
SpMax_Dzse,0,0.0
SpAbs_Dzse,0,0.0
VR3_Dzv,0,0.0
VR2_Dzv,0,0.0
VE3_Dzse,0,0.0
SpMAD_Dzp,0,0.0
SpAD_Dzp,0,0.0
SpDiam_Dzp,0,0.0
SpMax_Dzp,0,0.0
SpAbs_Dzp,0,0.0
VR3_Dzare,0,0.0
VR2_Dzare,0,0.0
VR1_Dzare,0,0.0
VE3_Dzare,0,0.0
VE2_Dzare,0,0.0
VE1_Dzare,0,0.0
VE1_Dzpe,0,0.0
LogEE_Dzare,0,0.0
SpMAD_Dzare,0,0.0
SpAD_Dzare,0,0.0
SpDiam_Dzare,0,0.0
SpMax_Dzare,0,0.0
SpAbs_Dzare,0,0.0
VR3_Dzpe,0,0.0
VR2_Dzpe,0,0.0
VR1_Dzpe,0,0.0
VE3_Dzpe,0,0.0
VE2_Dzpe,0,0.0
SM1_Dzare,0,0.0
VR2_DzZ,0,0.0
VR1_DzZ,0,0.0
VE3_DzZ,0,0.0
VE2_DzZ,0,0.0
VE1_DzZ,0,0.0
SM1_DzZ,0,0.0
LogEE_DzZ,0,0.0
SpMAD_DzZ,0,0.0
SpAD_DzZ,0,0.0
SpDiam_DzZ,0,0.0
SpMax_DzZ,0,0.0
VR1_Dzv,0,0.0
BalabanJ,0,0.0
BCUTi-1l,0,0.0
BCUTi-1h,0,0.0
BCUTp-1l,0,0.0
BCUTp-1h,0,0.0
BCUTare-1l,0,0.0
BCUTare-1h,0,0.0
BCUTpe-1l,0,0.0
BCUTpe-1h,0,0.0
BCUTse-1l,0,0.0
BCUTse-1h,0,0.0
SpAbs_DzZ,0,0.0
VE3_Dzv,0,0.0
VE2_Dzv,0,0.0
VE1_Dzv,0,0.0
SM1_Dzv,0,0.0
LogEE_Dzv,0,0.0
SpMAD_Dzv,0,0.0
SpAD_Dzv,0,0.0
SpDiam_Dzv,0,0.0
SpMax_Dzv,0,0.0
SpAbs_Dzv,0,0.0
VR3_Dzm,0,0.0
VR3_DzZ,0,0.0
VR1_Dzm,0,0.0
VE3_Dzm,0,0.0
VE2_Dzm,0,0.0
VE1_Dzm,0,0.0
SM1_Dzm,0,0.0
LogEE_Dzm,0,0.0
SpMAD_Dzm,0,0.0
SpAD_Dzm,0,0.0
SpDiam_Dzm,0,0.0
SpMax_Dzm,0,0.0
SpAbs_Dzm,0,0.0
VR2_Dzm,0,0.0
Xp-5d,0,0.0
Xp-4d,0,0.0
Xp-3d,0,0.0
Xp-2d,0,0.0
Xp-1d,0,0.0
Xp-0d,0,0.0
Xpc-6dv,0,0.0
Xpc-5dv,0,0.0
Xpc-4dv,0,0.0
Xpc-6d,0,0.0
Xpc-5d,0,0.0
LogEE_Dzp,0,0.0
Xc-6dv,0,0.0
Xc-5dv,0,0.0
Xc-4dv,0,0.0
Xc-3dv,0,0.0
nSpiro,0,0.0
Xc-5d,0,0.0
Xc-4d,0,0.0
Xc-3d,0,0.0
Xch-7dv,0,0.0
Xch-6dv,0,0.0
Xch-5dv,0,0.0
Xpc-4d,0,0.0
AXp-5dv,0,0.0
AXp-4dv,0,0.0
AXp-3dv,0,0.0
AXp-2dv,0,0.0
AXp-1dv,0,0.0
AXp-0dv,0,0.0
Xp-7dv,0,0.0
Xp-6dv,0,0.0
Xp-5dv,0,0.0
Xp-4dv,0,0.0
Xp-3dv,0,0.0
Xp-6d,0,0.0
Xp-1dv,0,0.0
Xp-0dv,0,0.0
AXp-7d,0,0.0
AXp-6d,0,0.0
AXp-5d,0,0.0
AXp-4d,0,0.0
AXp-3d,0,0.0
AXp-2d,0,0.0
AXp-1d,0,0.0
AXp-0d,0,0.0
Xp-7d,0,0.0
Xp-2dv,0,0.0
nBondsO,0,0.0
nBonds,0,0.0
BertzCT,0,0.0
VR3_Dzi,0,0.0
VR2_Dzi,0,0.0
VR1_Dzi,0,0.0
VE3_Dzi,0,0.0
VE2_Dzi,0,0.0
VE1_Dzi,0,0.0
SM1_Dzi,0,0.0
LogEE_Dzi,0,0.0
Xch-4dv,0,0.0
SpAD_Dzi,0,0.0
SpDiam_Dzi,0,0.0
SpMax_Dzi,0,0.0
SpAbs_Dzi,0,0.0
VR3_Dzp,0,0.0
VR2_Dzp,0,0.0
VR1_Dzp,0,0.0
VE3_Dzp,0,0.0
VE2_Dzp,0,0.0
VE1_Dzp,0,0.0
SM1_Dzp,0,0.0
SpMAD_Dzi,0,0.0
Xch-3dv,0,0.0
Xch-7d,0,0.0
Xch-6d,0,0.0
Xch-5d,0,0.0
Xch-4d,0,0.0
Xch-3d,0,0.0
FCSP3,0,0.0
HybRatio,0,0.0
C4SP3,0,0.0
C3SP3,0,0.0
C2SP3,0,0.0
nBondsS,0,0.0
C3SP2,0,0.0
C2SP2,0,0.0
C1SP2,0,0.0
C2SP1,0,0.0
C1SP1,0,0.0
nBondsKD,0,0.0
nBondsKS,0,0.0
nBondsM,0,0.0
nBondsA,0,0.0
nBondsT,0,0.0
nBondsD,0,0.0
C1SP3,0,0.0
MATS3se,0,0.0
MATS2se,0,0.0
MATS1se,0,0.0
MATS7v,0,0.0
MATS6v,0,0.0
MATS5v,0,0.0
MATS4v,0,0.0
MATS3v,0,0.0
MATS2v,0,0.0
MATS1v,0,0.0
MATS7m,0,0.0
BCUTv-1l,0,0.0
MATS5m,0,0.0
MATS4m,0,0.0
MATS3m,0,0.0
MATS2m,0,0.0
MATS1m,0,0.0
MATS7Z,0,0.0
MATS6Z,0,0.0
MATS5Z,0,0.0
MATS4Z,0,0.0
MATS3Z,0,0.0
MATS2Z,0,0.0
MATS6m,0,0.0
MATS6p,0,0.0
MATS5p,0,0.0
MATS4p,0,0.0
MATS3p,0,0.0
MATS2p,0,0.0
MATS1p,0,0.0
MATS7are,0,0.0
MATS6are,0,0.0
MATS5are,0,0.0
MATS4are,0,0.0
MATS3are,0,0.0
MATS4se,0,0.0
MATS1are,0,0.0
MATS7pe,0,0.0
MATS6pe,0,0.0
MATS5pe,0,0.0
MATS4pe,0,0.0
MATS3pe,0,0.0
MATS2pe,0,0.0
MATS1pe,0,0.0
MATS7se,0,0.0
MATS6se,0,0.0
MATS5se,0,0.0
MATS2are,0,0.0
AATSC4i,0,0.0
AATSC3i,0,0.0
AATSC2i,0,0.0
AATSC1i,0,0.0
AATSC0i,0,0.0
AATSC7p,0,0.0
AATSC6p,0,0.0
AATSC5p,0,0.0
AATSC4p,0,0.0
AATSC3p,0,0.0
AATSC2p,0,0.0
MATS1Z,0,0.0
AATSC0p,0,0.0
AATSC7are,0,0.0
AATSC6are,0,0.0
AATSC5are,0,0.0
AATSC4are,0,0.0
AATSC3are,0,0.0
AATSC2are,0,0.0
AATSC1are,0,0.0
AATSC0are,0,0.0
AATSC7pe,0,0.0
AATSC6pe,0,0.0
AATSC1p,0,0.0
MATS7s,0,0.0
MATS6s,0,0.0
MATS5s,0,0.0
MATS4s,0,0.0
MATS3s,0,0.0
MATS2s,0,0.0
MATS1s,0,0.0
MATS7d,0,0.0
MATS6d,0,0.0
MATS5d,0,0.0
MATS4d,0,0.0
AATSC5i,0,0.0
MATS2d,0,0.0
MATS1d,0,0.0
MATS7dv,0,0.0
MATS6dv,0,0.0
MATS5dv,0,0.0
MATS4dv,0,0.0
MATS3dv,0,0.0
MATS2dv,0,0.0
MATS1dv,0,0.0
AATSC7i,0,0.0
AATSC6i,0,0.0
MATS3d,0,0.0
GATS1p,0,0.0
GATS7are,0,0.0
GATS6are,0,0.0
GATS5are,0,0.0
GATS4are,0,0.0
GATS3are,0,0.0
GATS2are,0,0.0
GATS1are,0,0.0
GATS7pe,0,0.0
GATS6pe,0,0.0
GATS5pe,0,0.0
MATS7p,0,0.0
GATS3pe,0,0.0
GATS2pe,0,0.0
GATS1pe,0,0.0
GATS7se,0,0.0
GATS6se,0,0.0
GATS5se,0,0.0
GATS4se,0,0.0
GATS3se,0,0.0
GATS2se,0,0.0
GATS1se,0,0.0
GATS7v,0,0.0
GATS4pe,0,0.0
BCUTv-1h,0,0.0
BCUTm-1l,0,0.0
BCUTm-1h,0,0.0
BCUTZ-1l,0,0.0
BCUTZ-1h,0,0.0
BCUTs-1l,0,0.0
BCUTs-1h,0,0.0
BCUTd-1l,0,0.0
BCUTd-1h,0,0.0
BCUTdv-1l,0,0.0
BCUTdv-1h,0,0.0
GATS2p,0,0.0
GATS6i,0,0.0
GATS5i,0,0.0
GATS4i,0,0.0
GATS3i,0,0.0
GATS2i,0,0.0
GATS1i,0,0.0
GATS7p,0,0.0
GATS6p,0,0.0
GATS5p,0,0.0
GATS4p,0,0.0
GATS3p,0,0.0
GATS7i,0,0.0
GATS2s,0,0.0
GATS1s,0,0.0
GATS7d,0,0.0
GATS6d,0,0.0
GATS5d,0,0.0
GATS4d,0,0.0
GATS3d,0,0.0
GATS2d,0,0.0
GATS1d,0,0.0
GATS7dv,0,0.0
GATS6dv,0,0.0
GATS6v,0,0.0
GATS4dv,0,0.0
GATS3dv,0,0.0
GATS2dv,0,0.0
GATS1dv,0,0.0
MATS7i,0,0.0
MATS6i,0,0.0
MATS5i,0,0.0
MATS4i,0,0.0
MATS3i,0,0.0
MATS2i,0,0.0
MATS1i,0,0.0
GATS5dv,0,0.0
GATS5v,0,0.0
GATS4v,0,0.0
GATS3v,0,0.0
GATS2v,0,0.0
GATS1v,0,0.0
GATS7m,0,0.0
GATS6m,0,0.0
GATS5m,0,0.0
GATS4m,0,0.0
GATS3m,0,0.0
GATS2m,0,0.0
GATS3s,0,0.0
GATS7Z,0,0.0
GATS6Z,0,0.0
GATS5Z,0,0.0
GATS4Z,0,0.0
GATS3Z,0,0.0
GATS2Z,0,0.0
GATS1Z,0,0.0
GATS7s,0,0.0
GATS6s,0,0.0
GATS5s,0,0.0
GATS4s,0,0.0
GATS1m,0,0.0
