model,threshold,balanced_accuracy,mcc,roc_auc,average_precision,precision,recall,specificity,f1_score,true_negative,false_positive,false_negative,true_positive
Mordred XGBoost baseline - 626 features,0.2,0.7857609678967744,0.6663752082428731,0.9520174229385233,0.9868584696651257,0.9050990374671863,0.9779955303421007,0.5935264054514481,0.9401363354678786,1742,1193,256,11378
Mordred XGBoost baseline - 626 features,0.21,0.7883101254942411,0.66743702116148,0.9520174229385233,0.9868584696651257,0.9063497128270581,0.976620250988482,0.6,0.9401737691352917,1761,1174,272,11362
Mordred XGBoost baseline - 626 features,0.22,0.7935865592800753,0.673327393471487,0.9520174229385233,0.9868584696651257,0.9087269815852682,0.975588791473268,0.6115843270868825,0.9409716464931189,1795,1140,284,11350
Mordred XGBoost baseline - 626 features,0.23,0.7976228548233911,0.6752191548360647,0.9520174229385233,0.9868584696651257,0.9107358262967431,0.9734399174832388,0.6218057921635435,0.9410444970709211,1825,1110,309,11325
Mordred XGBoost baseline - 626 features,0.24,0.8011082039689227,0.677518642537595,0.9520174229385233,0.9868584696651257,0.9124435119431892,0.9718927282104177,0.6303236797274276,0.9412303338050445,1850,1085,327,11307
Mordred XGBoost baseline - 626 features,0.25,0.8029314009135533,0.6769127406085435,0.9520174229385233,0.9868584696651257,0.9134763253743424,0.9700876740587931,0.6357751277683135,0.9409312601609071,1866,1069,348,11286
Mordred XGBoost baseline - 626 features,0.26,0.8065886599782872,0.6802040750880245,0.9520174229385233,0.9868584696651257,0.9152322182526794,0.9688843046243768,0.6442930153321976,0.941294363256785,1891,1044,362,11272
Mordred XGBoost baseline - 626 features,0.27,0.8102013893952958,0.6826959502851465,0.9520174229385233,0.9868584696651257,0.9170401760247738,0.9672511603919546,0.6531516183986371,0.9414766785191383,1917,1018,381,11253
Mordred XGBoost baseline - 626 features,0.28,0.8124957864498084,0.6840176228395829,0.9520174229385233,0.9868584696651257,0.918218954248366,0.9660477909575382,0.6589437819420784,0.941526346653263,1934,1001,395,11239
Mordred XGBoost baseline - 626 features,0.29,0.8156818454046604,0.6856728055342709,0.9520174229385233,0.9868584696651257,0.9198851988519885,0.9642427368059137,0.6671209540034072,0.941541818792228,1958,977,416,11218
Mordred XGBoost baseline - 626 features,0.3,0.8185287410248818,0.6874566908042037,0.9520174229385233,0.9868584696651257,0.9213621781689562,0.9627815024926938,0.6742759795570699,0.9416165776974487,1979,956,433,11201
Mordred XGBoost baseline - 626 features,0.31,0.8218898142347857,0.6911706644756346,0.9520174229385233,0.9868584696651257,0.9229754247072406,0.9620079078562833,0.681771720613288,0.9420875420875421,2001,934,442,11192
Mordred XGBoost baseline - 626 features,0.32,0.8241396816415728,0.6918465031890562,0.9520174229385233,0.9868584696651257,0.9242286376044337,0.9603747636238611,0.6879045996592845,0.9419550647051385,2019,916,461,11173
Mordred XGBoost baseline - 626 features,0.33,0.8271999124928725,0.694180405765887,0.9520174229385233,0.9868584696651257,0.925815285038586,0.9589994842702424,0.6954003407155026,0.9421152628245725,2041,894,477,11157
Mordred XGBoost baseline - 626 features,0.34,0.8287652445586997,0.6928581807522701,0.9520174229385233,0.9868584696651257,0.9268820786142572,0.9566787003610109,0.7008517887563884,0.941544708569495,2057,878,504,11130
Mordred XGBoost baseline - 626 features,0.35,0.8316105880109964,0.6943047324707666,0.9520174229385233,0.9868584696651257,0.928458002507313,0.9548736462093863,0.7083475298126065,0.9414805712106445,2079,856,525,11109
Mordred XGBoost baseline - 626 features,0.36,0.8328352045742682,0.6926343286976622,0.9520174229385233,0.9868584696651257,0.9293861120429386,0.9525528623001547,0.7131175468483816,0.9408268953221836,2093,842,552,11082
Mordred XGBoost baseline - 626 features,0.37,0.8358509057778426,0.694450796987423,0.9520174229385233,0.9868584696651257,0.931060606060606,0.9507478081485302,0.720954003407155,0.9408012248022455,2116,819,573,11061
Mordred XGBoost baseline - 626 features,0.38,0.8388697113172663,0.6973031804291461,0.9520174229385233,0.9868584696651257,0.9326354887725815,0.9496303936737149,0.7281090289608178,0.9410562180579216,2137,798,586,11048
Mordred XGBoost baseline - 626 features,0.39,0.8414204210826577,0.6995998778388905,0.9520174229385233,0.9868584696651257,0.9339878131347326,0.9485989341585009,0.7342419080068143,0.9412366737739872,2155,780,598,11036
Mordred XGBoost baseline - 626 features,0.4,0.8442274435589278,0.7025283670974761,0.9520174229385233,0.9868584696651257,0.9354373462288963,0.9477393845624893,0.7407155025553662,0.9415481832543444,2174,761,608,11026
Mordred XGBoost baseline - 626 features,0.41,0.8453262320186471,0.7015157965308647,0.9520174229385233,0.9868584696651257,0.9362715902322811,0.9458483754512635,0.7448040885860306,0.9410356180784196,2186,749,630,11004
Mordred XGBoost baseline - 626 features,0.42,0.8460827528078865,0.6995809379979128,0.9520174229385233,0.9868584696651257,0.9370092181631956,0.9436135465016331,0.7485519591141397,0.9402997858672377,2197,738,656,10978
Mordred XGBoost baseline - 626 features,0.43,0.8470971384759293,0.698775428332026,0.9520174229385233,0.9868584696651257,0.9377834830979889,0.9418944473096098,0.7522998296422487,0.939834469745701,2208,727,676,10958
Mordred XGBoost baseline - 626 features,0.44,0.8499839072401019,0.700324899898773,0.9520174229385233,0.9868584696651257,0.9395085066162571,0.9398315282791817,0.7601362862010221,0.9396699896871777,2231,704,700,10934
Mordred XGBoost baseline - 626 features,0.45,0.8516797239132554,0.7006081555949071,0.9520174229385233,0.9868584696651257,0.940618805481341,0.9381124290871583,0.7652470187393526,0.9393639454318544,2246,689,720,10914
Mordred XGBoost baseline - 626 features,0.46,0.8526097067896218,0.7000135456091404,0.9520174229385233,0.9868584696651257,0.9413390928725702,0.9365652398143373,0.7686541737649063,0.938946098496273,2256,679,738,10896
Mordred XGBoost baseline - 626 features,0.47,0.8536686221053899,0.6999589322254888,0.9520174229385233,0.9868584696651257,0.9420779220779221,0.9352759154203197,0.77206132879046,0.9386645962732919,2266,669,753,10881
Mordred XGBoost baseline - 626 features,0.48,0.8551940810272658,0.7000838642211908,0.9520174229385233,0.9868584696651257,0.9431226120180618,0.9335568162282963,0.7768313458262351,0.9383153347732182,2280,655,773,10861
Mordred XGBoost baseline - 626 features,0.49,0.8579089398722362,0.7011698586747668,0.9520174229385233,0.9868584696651257,0.9448757086785871,0.9311500773594636,0.7846678023850086,0.937962682367202,2303,632,801,10833
Mordred XGBoost baseline - 626 features,0.5,0.8599055989039938,0.7027813756700175,0.9520174229385233,0.9868584696651257,0.9460522864387514,0.9300326628846485,0.789778534923339,0.9379740800138703,2318,617,814,10820
Mordred XGBoost baseline - 626 features,0.51,0.8613451028662684,0.7026785431395135,0.9520174229385233,0.9868584696651257,0.9471099026401193,0.9281416537734227,0.7945485519591141,0.9375298458866942,2332,603,836,10798
Mordred XGBoost baseline - 626 features,0.52,0.8625712715974648,0.7022002733154141,0.9520174229385233,0.9868584696651257,0.9480862296524417,0.9261646897025958,0.7989778534923339,0.9369972607504674,2345,590,859,10775
Mordred XGBoost baseline - 626 features,0.53,0.8636286347453083,0.7019010362003326,0.9520174229385233,0.9868584696651257,0.948919276576974,0.9245315454701736,0.802725724020443,0.9365666768252863,2356,579,878,10756
Mordred XGBoost baseline - 626 features,0.54,0.8645969385977013,0.7005433023290522,0.9520174229385233,0.9868584696651257,0.949880456920216,0.9220388516417397,0.8071550255536627,0.9357526060976141,2369,566,907,10727
Mordred XGBoost baseline - 626 features,0.55,0.8652245269475387,0.6987423932648038,0.9520174229385233,0.9868584696651257,0.9506798187150093,0.9195461578133058,0.8109028960817717,0.9348538471621445,2380,555,936,10698
Mordred XGBoost baseline - 626 features,0.56,0.8662818900953821,0.6985485169952289,0.9520174229385233,0.9868584696651257,0.9515281119130358,0.9179130135808836,0.8146507666098808,0.9344183401146258,2391,544,955,10679
Mordred XGBoost baseline - 626 features,0.57,0.867164238988174,0.6970398799755091,0.9520174229385233,0.9868584696651257,0.9525002236335988,0.9152484098332474,0.8190800681431005,0.9335028273352913,2404,531,986,10648
Mordred XGBoost baseline - 626 features,0.58,0.8686451682623246,0.6970067152379374,0.9520174229385233,0.9868584696651257,0.9536762725558847,0.9130995358432181,0.824190800681431,0.9329469108154393,2419,516,1011,10623
Mordred XGBoost baseline - 626 features,0.59,0.8687616833583292,0.6946512710020442,0.9520174229385233,0.9868584696651257,0.9542424788326428,0.9106068420147843,0.8269165247018739,0.9319141449683321,2427,508,1040,10594
Mordred XGBoost baseline - 626 features,0.6,0.8697315393786467,0.6939486245178225,0.9520174229385233,0.9868584696651257,0.9551739719837324,0.908457968024755,0.8310051107325384,0.9312304506806467,2439,496,1065,10569
Mordred XGBoost baseline - 626 features,0.61,0.8707428207108402,0.6930963407818214,0.9520174229385233,0.9868584696651257,0.9561865021770682,0.9060512291559223,0.8354344122657581,0.9304439932915527,2452,483,1093,10541
Mordred XGBoost baseline - 626 features,0.62,0.8725613611516969,0.6930798479276399,0.9520174229385233,0.9868584696651257,0.957710535909588,0.9032147154890837,0.8419080068143101,0.9296646907900558,2471,464,1126,10508
Mordred XGBoost baseline - 626 features,0.63,0.8740821635697988,0.6927655462589597,0.9520174229385233,0.9868584696651257,0.9590771765998352,0.9004641567818463,0.8477001703577512,0.9288469211331294,2488,447,1158,10476
Mordred XGBoost baseline - 626 features,0.64,0.8743245067693557,0.6904610235618097,0.9520174229385233,0.9868584696651257,0.959830866807611,0.8975416881554066,0.8511073253833049,0.927641806955981,2498,437,1192,10442
Mordred XGBoost baseline - 626 features,0.65,0.8746450440888907,0.686981361140795,0.9520174229385233,0.9868584696651257,0.9609692933777284,0.8930720302561458,0.8562180579216354,0.9257774213668359,2513,422,1244,10390
Mordred XGBoost baseline - 626 features,0.66,0.8753156099185289,0.685904692642049,0.9520174229385233,0.9868584696651257,0.961849067112225,0.8906652913873131,0.8599659284497445,0.9248895434462445,2524,411,1272,10362
Mordred XGBoost baseline - 626 features,0.67,0.8757743926850132,0.6847695681188967,0.9520174229385233,0.9868584696651257,0.9625663469596797,0.8885164173972838,0.8630323679727427,0.9240602511956376,2533,402,1297,10337
Mordred XGBoost baseline - 626 features,0.68,0.875844825965368,0.6821723099550127,0.9520174229385233,0.9868584696651257,0.9633336451220653,0.8852501289324394,0.8664395229982964,0.9226427771556551,2543,392,1335,10299
Mordred XGBoost baseline - 626 features,0.69,0.8757464536623695,0.6796667456333022,0.9520174229385233,0.9868584696651257,0.9639402760822613,0.8823276603059996,0.8691652470187393,0.9213301620069111,2551,384,1369,10265
Mordred XGBoost baseline - 626 features,0.7,0.8757723572949989,0.676797889093012,0.9520174229385233,0.9868584696651257,0.964794714487966,0.8786315970431494,0.8729131175468484,0.9196994916550452,2562,373,1412,10222
Mordred XGBoost baseline - 626 features,0.71,0.8776307708798068,0.6769358689788452,0.9520174229385233,0.9868584696651257,0.9665843933928232,0.8751933986591026,0.8800681431005111,0.9186214363045831,2583,352,1452,10182
Mordred XGBoost baseline - 626 features,0.72,0.8771440490906786,0.673212080822911,0.9520174229385233,0.9868584696651257,0.967264745180378,0.8711535155578477,0.8831345826235094,0.9166968162083936,2592,343,1499,10135
Mordred XGBoost baseline - 626 features,0.73,0.8768722147005531,0.6702054636214406,0.9520174229385233,0.9868584696651257,0.9679677759662415,0.8675434072545986,0.8862010221465076,0.9150083858392638,2601,334,1541,10093
Mordred XGBoost baseline - 626 features,0.74,0.878561822702008,0.670555383452965,0.9520174229385233,0.9868584696651257,0.969629772464327,0.8644490287089565,0.8926746166950597,0.9140234481505044,2620,315,1577,10057
Mordred XGBoost baseline - 626 features,0.75,0.8788424868775917,0.6683345475855444,0.9520174229385233,0.9868584696651257,0.9707194105099864,0.8605810555269039,0.8971039182282794,0.9123382540550392,2633,302,1622,10012
Mordred XGBoost baseline - 626 features,0.76,0.8800577904333156,0.667254288037248,0.9520174229385233,0.9868584696651257,0.9724690032217124,0.8561973525872443,0.9039182282793867,0.9106367417836083,2653,282,1673,9961
Mordred XGBoost baseline - 626 features,0.77,0.8808909531746081,0.6658651630040953,0.9520174229385233,0.9868584696651257,0.9739634505796817,0.8520715145263882,0.909710391822828,0.9089492022739776,2670,265,1721,9913
Mordred XGBoost baseline - 626 features,0.78,0.8802721946102287,0.6618683616860889,0.9520174229385233,0.9868584696651257,0.9748738747650608,0.8470861268695203,0.913458262350937,0.906498643241503,2681,254,1779,9855
Mordred XGBoost baseline - 626 features,0.79,0.8796995178614992,0.6585077250179087,0.9520174229385233,0.9868584696651257,0.9756243159884589,0.8428743338490631,0.9165247018739353,0.9044039658750288,2690,245,1828,9806
Mordred XGBoost baseline - 626 features,0.8,0.8789518268577181,0.654384086007354,0.9520174229385233,0.9868584696651257,0.9765507565888366,0.8376310813133918,0.9202725724020443,0.901772081617545,2701,234,1889,9745
Mordred XGBoost baseline - 626 features,0.81,0.8783744936052146,0.6506367071775814,0.9520174229385233,0.9868584696651257,0.9775893397940641,0.8323878287777204,0.9243611584327087,0.8991643454038997,2713,222,1950,9684
Mordred mRMR XGBoost - 300 features,0.2,0.7913335875374388,0.6718159812909791,0.9508777216752051,0.9864016216278446,0.9076456019813054,0.9765342960288809,0.6061328790459966,0.9408306074282639,1779,1156,273,11361
Mordred mRMR XGBoost - 300 features,0.21,0.7946485789316926,0.6737430732439209,0.9508777216752051,0.9864016216278446,0.9092585170340681,0.9749871067560598,0.6143100511073254,0.9409763988551993,1803,1132,291,11343
Mordred mRMR XGBoost - 300 features,0.22,0.7971102294016335,0.6737947020325896,0.9508777216752051,0.9864016216278446,0.9105606048419529,0.9730960976448341,0.6211243611584327,0.9407902937632443,1823,1112,313,11321
Mordred mRMR XGBoost - 300 features,0.23,0.8005526010673644,0.6758848249829171,0.9508777216752051,0.9864016216278446,0.9122608765840665,0.9714629534124118,0.6296422487223169,0.9409316072097573,1848,1087,332,11302
Mordred mRMR XGBoost - 300 features,0.24,0.8036987868782652,0.6783760965334419,0.9508777216752051,0.9864016216278446,0.913786124827977,0.9702595839779955,0.637137989778535,0.9411764705882353,1870,1065,346,11288
Mordred mRMR XGBoost - 300 features,0.25,0.8050523358809387,0.6766728770882134,0.9508777216752051,0.9864016216278446,0.9146569224522939,0.9681966649475675,0.64190800681431,0.9406655810263477,1884,1051,370,11264
Mordred mRMR XGBoost - 300 features,0.26,0.8073482851033758,0.6785840959574827,0.9508777216752051,0.9864016216278446,0.9157783383513711,0.9673371153515558,0.6473594548551959,0.9408518998453371,1900,1035,380,11254
Mordred mRMR XGBoost - 300 features,0.27,0.8105390005620019,0.6819950408127765,0.9508777216752051,0.9864016216278446,0.9172852598091198,0.9665635207151453,0.6545144804088586,0.9412798727660822,1921,1014,389,11245
Mordred mRMR XGBoost - 300 features,0.28,0.8145799526090918,0.6860848940737698,0.9508777216752051,0.9864016216278446,0.919224159096489,0.9654461062403301,0.6637137989778535,0.9417683310275438,1948,987,402,11232
Mordred mRMR XGBoost - 300 features,0.29,0.8184489947369793,0.6893533691025491,0.9508777216752051,0.9864016216278446,0.9211498973305955,0.9639848719271102,0.6729131175468483,0.942080725775967,1975,960,419,11215
Mordred mRMR XGBoost - 300 features,0.3,0.8200604086184564,0.6891632934301896,0.9508777216752051,0.9864016216278446,0.9220950341760685,0.9624376826542892,0.6776831345826235,0.9418345459898221,1989,946,437,11197
Mordred mRMR XGBoost - 300 features,0.31,0.823545757763988,0.6918007968462457,0.9508777216752051,0.9864016216278446,0.9238842975206611,0.9608904933814681,0.6862010221465077,0.9420241004466167,2014,921,455,11179
Mordred mRMR XGBoost - 300 features,0.32,0.8257096702111739,0.692107899535393,0.9508777216752051,0.9864016216278446,0.9251305861868834,0.9590854392298436,0.6923339011925043,0.9418020679468242,2032,903,476,11158
Mordred mRMR XGBoost - 300 features,0.33,0.8267240558792167,0.6909005298681445,0.9508777216752051,0.9864016216278446,0.9258520365752286,0.9573663400378202,0.6960817717206133,0.9413455037187288,2043,892,496,11138
Mordred mRMR XGBoost - 300 features,0.34,0.8296998839388399,0.6934465231656947,0.9508777216752051,0.9864016216278446,0.9273864110045853,0.9561629706034038,0.703236797274276,0.941554869016886,2064,871,510,11124
Mordred mRMR XGBoost - 300 features,0.35,0.8314816555715947,0.6937223119835704,0.9508777216752051,0.9864016216278446,0.9284400601906035,0.9546157813305828,0.7083475298126065,0.9413459908459061,2079,856,528,11106
Mordred mRMR XGBoost - 300 features,0.36,0.8359047484331158,0.6982016151039595,0.9508777216752051,0.9864016216278446,0.9306814367237328,0.9532405019769641,0.7185689948892675,0.9418259023354565,2109,826,544,11090
Mordred mRMR XGBoost - 300 features,0.37,0.8378983031290241,0.6984833846090225,0.9508777216752051,0.9864016216278446,0.9318908907223439,0.9514354478253395,0.7243611584327087,0.9415617556992174,2126,809,565,11069
Mordred mRMR XGBoost - 300 features,0.38,0.8398918578249324,0.6988141982852663,0.9508777216752051,0.9864016216278446,0.9331081081081081,0.9496303936737149,0.7301533219761499,0.9412967538553293,2143,792,586,11048
Mordred mRMR XGBoost - 300 features,0.39,0.8427372012772292,0.7004504547157894,0.9508777216752051,0.9864016216278446,0.9347291684326524,0.9478253395220905,0.737649063032368,0.9412317015919082,2165,770,607,11027
Mordred mRMR XGBoost - 300 features,0.4,0.8448581362446146,0.7009437015632018,0.9508777216752051,0.9864016216278446,0.936038104958748,0.9459343304108647,0.7437819420783646,0.9409601983668933,2183,752,629,11005
Mordred mRMR XGBoost - 300 features,0.41,0.8464695501260917,0.7012008415141008,0.9508777216752051,0.9864016216278446,0.9370575692963753,0.9443871411380437,0.7485519591141397,0.9407080782567747,2197,738,647,10987
Mordred mRMR XGBoost - 300 features,0.42,0.8472690483951315,0.6994871360135749,0.9508777216752051,0.9864016216278446,0.937804773718881,0.9422382671480144,0.7522998296422487,0.940016292929726,2208,727,672,10962
Mordred mRMR XGBoost - 300 features,0.43,0.8487515298372069,0.6992909586190348,0.9508777216752051,0.9864016216278446,0.9388192895143298,0.9404332129963899,0.7570698466780239,0.9396255582274132,2222,713,693,10941
Mordred mRMR XGBoost - 300 features,0.44,0.8508294873247917,0.6997940395975465,0.9508777216752051,0.9864016216278446,0.9401532765004736,0.938456248925563,0.7632027257240205,0.9393039962145653,2240,695,716,10918
Mordred mRMR XGBoost - 300 features,0.45,0.8535060251937354,0.7018798604579299,0.9508777216752051,0.9864016216278446,0.9416897028334485,0.9369950146123431,0.7700170357751278,0.9393364928909953,2260,675,733,10901
Mordred mRMR XGBoost - 300 features,0.46,0.8552417150108402,0.7015325451730321,0.9508777216752051,0.9864016216278446,0.942941380506417,0.9346742307031116,0.775809199318569,0.9387896054562721,2277,658,760,10874
Mordred mRMR XGBoost - 300 features,0.47,0.8561670413834326,0.6997386034699455,0.9508777216752051,0.9864016216278446,0.9438593437200801,0.9320955819150765,0.7802385008517888,0.9379405786446395,2290,645,790,10844
Mordred mRMR XGBoost - 300 features,0.48,0.8582864241828934,0.7001885352311005,0.9508777216752051,0.9864016216278446,0.9452988465571478,0.9298607529654461,0.7867120954003407,0.9375162492417021,2309,626,816,10818
Mordred mRMR XGBoost - 300 features,0.49,0.8591288999317339,0.6990071241624018,0.9508777216752051,0.9864016216278446,0.9460951880094662,0.927797833935018,0.7904599659284497,0.9368571800546803,2320,615,840,10794
Mordred mRMR XGBoost - 300 features,0.5,0.8607817391250868,0.6993623057956049,0.9508777216752051,0.9864016216278446,0.9472434713795832,0.9259927797833934,0.7955706984667802,0.9364975876907028,2335,600,861,10773
Mordred mRMR XGBoost - 300 features,0.51,0.86273076417327,0.6997045137262012,0.9508777216752051,0.9864016216278446,0.9486274163650807,0.9237579508337631,0.8017035775127769,0.936027522536254,2353,582,887,10747
Mordred mRMR XGBoost - 300 features,0.52,0.8642562230951458,0.7000403982195983,0.9508777216752051,0.9864016216278446,0.9497122620628596,0.9220388516417397,0.8064735945485519,0.9356709843429718,2367,568,907,10727
Mordred mRMR XGBoost - 300 features,0.53,0.8644586931507515,0.6977973453671371,0.9508777216752051,0.9864016216278446,0.9502664298401421,0.9197180677325082,0.8091993185689949,0.9347427273521447,2375,560,934,10700
Mordred mRMR XGBoost - 300 features,0.54,0.8666624787418888,0.6984701216289697,0.9508777216752051,0.9864016216278446,0.9518373171601855,0.9173113288636754,0.8160136286201022,0.9342554495316466,2395,540,962,10672
Mordred mRMR XGBoost - 300 features,0.55,0.8677597150336835,0.6977405965898877,0.9508777216752051,0.9864016216278446,0.9528327217399087,0.915076499914045,0.8204429301533219,0.9335730258254045,2408,527,988,10646
Mordred mRMR XGBoost - 300 features,0.56,0.8700095824404708,0.6993748920409373,0.9508777216752051,0.9864016216278446,0.9542923850574713,0.9134433556816228,0.8265758091993186,0.9334211682037769,2426,509,1007,10627
Mordred mRMR XGBoost - 300 features,0.57,0.871445982066896,0.6988778168091835,0.9508777216752051,0.9864016216278446,0.9555455365193868,0.9108647068935878,0.8320272572402044,0.9326703045238515,2442,493,1037,10597
Mordred mRMR XGBoost - 300 features,0.58,0.8721564210404855,0.6969433739688415,0.9508777216752051,0.9864016216278446,0.956529614200326,0.9078562833075469,0.8364565587734242,0.9315575939319104,2455,480,1072,10562
Mordred mRMR XGBoost - 300 features,0.59,0.8722268543208401,0.6938896200941829,0.9508777216752051,0.9864016216278446,0.9572494087684191,0.9045899948427024,0.8398637137989778,0.9301750044193036,2465,470,1110,10524
Mordred mRMR XGBoost - 300 features,0.6,0.8741727750331739,0.6940146178036412,0.9508777216752051,0.9864016216278446,0.9588665447897623,0.9016675262162627,0.8466780238500852,0.9293877912642864,2485,450,1144,10490
Mordred mRMR XGBoost - 300 features,0.61,0.874715960591335,0.6926782221249908,0.9508777216752051,0.9864016216278446,0.9596441346418417,0.8993467423070312,0.8500851788756388,0.9285175489195545,2495,440,1171,10463
Mordred mRMR XGBoost - 300 features,0.62,0.8759390249866821,0.692081254490263,0.9508777216752051,0.9864016216278446,0.9608547480887907,0.8966821385593948,0.8551959114139693,0.9276599528700369,2510,425,1202,10432
Mordred mRMR XGBoost - 300 features,0.63,0.8766525682961208,0.6910831705643108,0.9508777216752051,0.9864016216278446,0.9617339865052223,0.8943613546501633,0.8589437819420783,0.9268249231728499,2521,414,1229,10405
Mordred mRMR XGBoost - 300 features,0.64,0.8769777621194297,0.688590294855681,0.9508777216752051,0.9864016216278446,0.9626636946224575,0.8909231562661165,0.8630323679727427,0.9254051158430427,2533,402,1269,10365
Mordred mRMR XGBoost - 300 features,0.65,0.8780749984112244,0.6883273104293823,0.9508777216752051,0.9864016216278446,0.9637397464578673,0.8886883273164862,0.8674616695059625,0.9246936767730972,2546,389,1295,10339
Mordred mRMR XGBoost - 300 features,0.66,0.8785721021537355,0.686503233134829,0.9508777216752051,0.9864016216278446,0.9647003745318352,0.8855939487708441,0.8715502555366269,0.9234561261987989,2558,377,1331,10303
Mordred mRMR XGBoost - 300 features,0.67,0.8783893270590606,0.6840069195016322,0.9508777216752051,0.9864016216278446,0.9652288318767033,0.8828433900636067,0.8739352640545145,0.9221997755331088,2565,370,1363,10271
Mordred mRMR XGBoost - 300 features,0.68,0.8792286984720518,0.683076770368403,0.9508777216752051,0.9864016216278446,0.9663080407701019,0.8800928313563693,0.8783645655877342,0.9211875843454791,2578,357,1395,10239
Mordred mRMR XGBoost - 300 features,0.69,0.8795124669834846,0.6810398553047896,0.9508777216752051,0.9864016216278446,0.9671975729996208,0.876912497851126,0.8821124361158432,0.9198449193039401,2589,346,1432,10202
Mordred mRMR XGBoost - 300 features,0.7,0.8800525482057964,0.6795734849741822,0.9508777216752051,0.9864016216278446,0.9681935053804399,0.8739040742650851,0.8862010221465076,0.918635644906257,2601,334,1467,10167
Mordred mRMR XGBoost - 300 features,0.71,0.8796932066881451,0.6760116094834557,0.9508777216752051,0.9864016216278446,0.9689744326343005,0.869778236204229,0.8896081771720613,0.9167006386737329,2611,324,1515,10119
Mordred mRMR XGBoost - 300 features,0.72,0.8798910202399769,0.6739177535533399,0.9508777216752051,0.9864016216278446,0.9698835754834985,0.8664259927797834,0.8933560477001704,0.9152403867980207,2622,313,1554,10080
Mordred mRMR XGBoost - 300 features,0.73,0.8791050082601691,0.6697726861243378,0.9508777216752051,0.9864016216278446,0.9704886308659894,0.8621282447997249,0.8960817717206133,0.9131048295325231,2630,305,1604,10030
Mordred mRMR XGBoost - 300 features,0.74,0.878831621702119,0.6667157614976298,0.9508777216752051,0.9864016216278446,0.9713007101858158,0.8581743166580712,0.899488926746167,0.9112399032537764,2640,295,1650,9984
Mordred mRMR XGBoost - 300 features,0.75,0.8791490546858045,0.6638566348807684,0.9508777216752051,0.9864016216278446,0.9727504410899823,0.853017019082001,0.9052810902896081,0.9089576845576113,2657,278,1710,9924
Mordred mRMR XGBoost - 300 features,0.76,0.8789139891037812,0.6604605966452314,0.9508777216752051,0.9864016216278446,0.9738452427951046,0.8481175863847344,0.909710391822828,0.9066433887714784,2670,265,1767,9867
Mordred mRMR XGBoost - 300 features,0.77,0.879444757318545,0.6582264350616672,0.9508777216752051,0.9864016216278446,0.9754351069119841,0.8430462437682654,0.9158432708688246,0.9044215962008392,2688,247,1826,9808
Mordred mRMR XGBoost - 300 features,0.78,0.8781890973967801,0.6537231405378917,0.9508777216752051,0.9864016216278446,0.975890356142457,0.8384906309094035,0.9178875638841567,0.9019879796578826,2694,241,1879,9755
Mordred mRMR XGBoost - 300 features,0.79,0.8777391444157537,0.6500994310860079,0.9508777216752051,0.9864016216278446,0.9770184457211974,0.833161423414131,0.9223168654173765,0.8993736951983299,2707,228,1941,9693
Mordred mRMR XGBoost - 300 features,0.8,0.8761841943033094,0.6452029135104652,0.9508777216752051,0.9864016216278446,0.9773833671399594,0.8283479456764655,0.9240204429301533,0.8967153624267238,2712,223,1997,9637
Mordred mRMR XGBoost - 300 features,0.81,0.8754794807793289,0.6415074056128065,0.9508777216752051,0.9864016216278446,0.9783430381039943,0.8231906481003954,0.9277683134582624,0.8940857956401997,2723,212,2057,9577
