descriptor,jnk3_score_mutual_information,jnk3_score_rank,gsk3b_score_mutual_information,gsk3b_score_rank,mean_rank
fragCpx,0.37089548047610155,1.0,0.4103009689030346,1.0,1.0
SpMAD_Dt,0.3278009499337813,2.0,0.3721758727281177,2.0,2.0
LogEE_Dt,0.31533687105272623,4.0,0.3674631301978373,3.0,3.5
nRing,0.3193112690916653,3.0,0.3601833378305104,4.0,3.5
RotRatio,0.28581747745293207,6.0,0.3529827476335168,5.0,5.5
TpiPC10,0.2908966537460751,5.0,0.32457614462361395,6.0,5.5
AMID,0.2644613683521797,8.0,0.2944075534028938,7.0,7.5
SMR_VSA7,0.2649442657161183,7.0,0.24654556535089522,10.0,8.5
mZagreb1,0.23831497290778003,9.0,0.2725109548631597,8.0,8.5
MDEC-33,0.23480219129511326,10.0,0.26092538416336364,9.0,9.5
AATS2d,0.2196978928417952,12.0,0.2370070108745308,13.0,12.5
AATS1d,0.21672145350908245,14.0,0.23814791158231685,12.0,13.0
n6aRing,0.23128619251492988,11.0,0.22518583548795235,17.0,14.0
ATS8dv,0.2112404193875843,16.0,0.2286454615977167,16.0,16.0
Kier3,0.20849343196446668,17.0,0.23487791386277035,15.0,16.0
C2SP2,0.21826622920668282,13.0,0.20691967947654133,20.0,16.5
BCUTp-1h,0.21241198275716133,15.0,0.20746277295220317,19.0,17.0
ATS6dv,0.1902032539348797,21.0,0.23503151145610346,14.0,17.5
ATS5dv,0.17834089496960281,25.0,0.24322367131892708,11.0,18.0
AATS3d,0.18337413730974017,22.0,0.21770810539953622,18.0,20.0
AETA_beta,0.19712836328759842,19.0,0.2017973421600079,22.0,20.5
Xch-6d,0.19399952068266302,20.0,0.2063578323347537,21.0,20.5
NaaCH,0.20707673437357377,18.0,0.1820303040546727,26.0,22.0
n6Ring,0.1783938200844517,24.0,0.19194853543739288,24.0,24.0
AETA_eta_F,0.16939870374125743,29.0,0.19632624476183747,23.0,26.0
JGI1,0.17334316450418008,27.0,0.19098008403029176,25.0,26.0
ETA_dEpsilon_B,0.17568664933476796,26.0,0.17465736981193114,29.0,27.5
Mv,0.17017493054715604,28.0,0.17733238302864596,27.0,27.5
C3SP2,0.1803581708764983,23.0,0.16441201934997185,35.0,29.0
FilterItLogS,0.16761467352017423,31.0,0.17115024327981843,30.0,30.5
AXp-2d,0.15953892123701952,34.0,0.1749330093204593,28.0,31.0
BCUTare-1l,0.16719853005691832,32.0,0.16745979684128365,31.0,31.5
IC5,0.1678935749178363,30.0,0.1668315748493585,34.0,32.0
JGI2,0.14791850175653476,35.0,0.1673708123227291,33.0,34.0
AXp-4d,0.14061777690320731,37.0,0.167436585448538,32.0,34.5
GATS1p,0.16079144940421664,33.0,0.14507238717222481,40.0,36.5
Xc-5d,0.14095255177886568,36.0,0.15230734777833632,37.0,36.5
BCUTd-1h,0.13192442406630178,38.0,0.1488898073481728,39.0,38.5
ATS4Z,0.12159712326286787,44.0,0.16048118412920065,36.0,40.0
ATSC0d,0.1256008744114192,42.0,0.14966572711126513,38.0,40.0
GGI8,0.1313023469751391,39.0,0.14058235305950895,43.0,41.0
ATSC0i,0.12524950539861557,43.0,0.14333796521499398,41.0,42.0
SpDiam_A,0.11751382157343038,49.0,0.14126294994347433,42.0,45.5
AXp-5d,0.119194596169649,48.0,0.13796989773865054,45.0,46.5
NaasC,0.12962269824953987,41.0,0.12907688245103666,52.0,46.5
AATS3p,0.12054988610003292,47.0,0.13142414057229335,48.0,47.5
AETA_beta_s,0.11575342061443106,51.0,0.1385500065664198,44.0,47.5
GATS1i,0.13007281595350495,40.0,0.11320871478993588,62.0,51.0
MIC5,0.11484270090522664,53.0,0.1311961442653633,49.0,51.0
SpMax_A,0.10900414094559174,56.0,0.13469073699365364,47.0,51.5
VE2_A,0.11726995226933212,50.0,0.12748575010037744,53.0,51.5
AXp-6d,0.11061843323841813,54.0,0.1310891315883742,50.0,52.0
GGI6,0.10810647679455965,58.0,0.13526966535025764,46.0,52.0
SpMAD_A,0.12070832359404182,46.0,0.11860406507233634,59.0,52.5
GGI10,0.12079236764615331,45.0,0.1084806330999113,63.0,54.0
Mm,0.1156081901251298,52.0,0.1196224096056282,58.0,55.0
AATS4p,0.11050219202459388,55.0,0.12101302862386643,57.0,56.0
GGI3,0.09916846591651396,64.0,0.13025821010718275,51.0,57.5
AATS5v,0.10266648861276106,61.0,0.12317666969195429,55.0,58.0
VR3_A,0.10831564867837784,57.0,0.11601149327935456,61.0,59.0
GGI7,0.10069403459002224,63.0,0.12295181975127889,56.0,59.5
ETA_dEpsilon_D,0.10507795451598145,60.0,0.11628752945644738,60.0,60.0
GGI5,0.09436984108385449,70.0,0.1244792312747105,54.0,62.0
PEOE_VSA7,0.10579497332054899,59.0,0.09354657653668941,71.0,65.0
TIC0,0.09704663637518074,66.0,0.10667103014400503,64.0,65.0
PEOE_VSA6,0.10129163738528124,62.0,0.09431418168552153,70.0,66.0
Xp-7dv,0.09518239723912814,68.0,0.1026039219192425,66.0,67.0
NaaaC,0.08767714939761007,74.0,0.09851393298951394,68.0,71.0
AATS3dv,0.08365591620852708,78.0,0.10309791292787374,65.0,71.5
AATS4dv,0.08628316133885328,76.0,0.10218716786975879,67.0,71.5
AATSC0p,0.09861453833441569,65.0,0.08619243143998556,79.0,72.0
AETA_eta_RL,0.08790729122934682,73.0,0.09245777900431928,72.0,72.5
ATSC0p,0.09509411629144182,69.0,0.08820157727592903,76.0,72.5
SpMAD_D,0.0928556307076791,71.0,0.0887493531024468,74.0,72.5
VSA_EState4,0.0955869539694163,67.0,0.08268836647671307,82.0,74.5
AATS6v,0.07973669886815671,81.0,0.09521190823674353,69.0,75.0
AXp-6dv,0.08516184526814641,77.0,0.09000744037912423,73.0,75.0
AATS8dv,0.08856392102824628,72.0,0.08337446336132004,80.0,76.0
ATSC0pe,0.08299160353832047,79.0,0.08761137336346447,77.0,78.0
AATSC0i,0.0784716830556107,82.0,0.08869397368364584,75.0,78.5
CIC0,0.08065380467226202,80.0,0.08692424674640353,78.0,79.0
SMR_VSA6,0.08688687979643639,75.0,0.07578859246893899,84.0,79.5
AATS6p,0.07338371242319663,86.0,0.08195749344050984,83.0,84.5
Xpc-4dv,0.07012748016609915,88.0,0.0745990827796561,86.0,87.0
ATS4s,0.06399545032469423,95.0,0.08313423532806308,81.0,88.0
BIC0,0.07482532634492589,84.0,0.0656495954540004,93.0,88.5
GATS2d,0.06741374108939713,89.0,0.06754014993811452,89.0,89.0
AATS8v,0.07661345323619795,83.0,0.06177004433876743,96.0,89.5
AMID_C,0.07414449944056667,85.0,0.0603721332402527,97.0,91.0
PEOE_VSA8,0.07032726420030233,87.0,0.06386675451661805,95.0,91.0
AATS1Z,0.05846018828071298,99.0,0.07535558033742173,85.0,92.0
AATS4Z,0.056340911097169766,100.0,0.06962847342872625,87.0,93.5
SRW09,0.061831400306481044,97.0,0.06600624262321286,91.0,94.0
Xc-3dv,0.05923228944353731,98.0,0.06703487215570458,90.0,94.0
BCUTdv-1l,0.06480163285769702,94.0,0.05931777872820998,98.0,96.0
ETA_dPsi_A,0.06639116031403258,91.0,0.058265747455577,102.0,96.5
Radius,0.06636694418420364,92.0,0.057607088611273394,104.0,98.0
SlogP_VSA2,0.06257874894012883,96.0,0.05827833761395507,101.0,98.5
AATS1i,0.0666011820708503,90.0,0.05118127020097063,108.0,99.0
EState_VSA7,0.06625611663941822,93.0,0.056969252581505536,105.0,99.0
AATS5Z,0.04698433429149773,113.0,0.06766715737601281,88.0,100.5
AATSC0v,0.055968249140394555,102.0,0.05821844844147872,103.0,102.5
AATS3Z,0.04924087885632389,107.0,0.05845142892431898,100.0,103.5
SMR_VSA3,0.05628927824995511,101.0,0.05550021562518204,107.0,104.0
BCUTs-1l,0.05463930311244791,103.0,0.04980182441720782,109.0,106.0
GATS1dv,0.04510374970502884,114.0,0.05858154715292763,99.0,106.5
nHRing,0.04364569923708572,119.0,0.06400175980745804,94.0,106.5
GGI1,0.05005422413617033,106.0,0.04925953805085559,110.0,108.0
nBase,0.051406865492611864,104.0,0.04542787781422786,114.0,109.0
ATS6se,0.0394180755867195,131.0,0.06588368935160016,92.0,111.5
naHRing,0.043832108574985096,118.0,0.056751861788619795,106.0,112.0
n9FRing,0.04495980449417636,115.0,0.046786194007999216,113.0,114.0
EState_VSA3,0.04310925715863423,120.0,0.04908226867050125,111.0,115.5
ATSC0m,0.04425737995271817,116.0,0.04440409715132443,116.0,116.0
n10FRing,0.0470896381431225,112.0,0.042668212395606586,120.0,116.0
AATS8m,0.04836563027348717,108.0,0.040962519223272764,125.0,116.5
GATS2dv,0.044253708870097164,117.0,0.04373661772117465,117.0,117.0
RNCG,0.041835180034952124,125.0,0.04722459026641168,112.0,118.5
ATSC1i,0.04818308266755267,109.0,0.03953118086080476,133.0,121.0
JGI9,0.04794837526370532,110.0,0.039786031651814824,132.0,121.0
ETA_epsilon_5,0.042611486484449124,121.0,0.041117727225074674,123.0,122.0
AATS6Z,0.03944559378973267,130.0,0.04538045202162344,115.0,122.5
BCUTc-1l,0.05112435667828752,105.0,0.036445665499656776,141.0,123.0
SlogP_VSA3,0.04721499856327682,111.0,0.037507037332678905,139.0,125.0
GATS1se,0.04220725523350666,124.0,0.040445654222565075,127.0,125.5
VR2_A,0.04104975984608039,129.0,0.042534285668605065,122.0,125.5
EState_VSA5,0.03918245743946658,132.0,0.04097614311214759,124.0,128.0
GATS1are,0.041298591756283365,128.0,0.04033195824200497,128.0,128.0
EState_VSA8,0.03765823372251731,136.0,0.04257457134413123,121.0,128.5
BCUTp-1l,0.03893132834588542,133.0,0.04094595075634366,126.0,129.5
AATS7Z,0.04153160897933805,127.0,0.03839807962999675,137.0,132.0
MIC0,0.03876086044298166,134.0,0.039817693597101744,131.0,132.5
ZMIC5,0.03166008754543359,147.0,0.04329697467630744,118.0,132.5
ATSC3d,0.04224275307430059,123.0,0.03449903886124872,144.0,133.5
RPCG,0.031396663364493094,149.0,0.04278453854789532,119.0,134.0
ETA_shape_x,0.04176394975497466,126.0,0.03523267837327726,143.0,134.5
VSA_EState3,0.034765913035066376,140.0,0.040097338807994376,130.0,135.0
BCUTd-1l,0.037234900669293136,137.0,0.0388138514338503,136.0,136.5
n9FaRing,0.03633851974425384,138.0,0.03901460562232684,135.0,136.5
ATS5se,0.03240238440869714,146.0,0.040260897947263175,129.0,137.5
NaaNH,0.033465355407969355,143.0,0.039118941461163015,134.0,138.5
AATS7i,0.042591137235652,122.0,0.030215794209158986,159.0,140.5
JGI7,0.032870023875577914,144.0,0.038029664234497496,138.0,141.0
GATS2are,0.034353431083693486,141.0,0.03311116779253798,148.0,144.5
ETA_dEpsilon_A,0.03621108512210558,139.0,0.03269203806711474,151.0,145.0
JGI3,0.03142983668355992,148.0,0.035353580257751815,142.0,145.0
AATS6i,0.038081021563898254,135.0,0.031214735916575975,157.0,146.0
TopoShapeIndex,0.03373931567348931,142.0,0.03129352675369601,156.0,149.0
TopoPSA,0.032647623841447704,145.0,0.032157278059993466,154.0,149.5
SM1_Dzi,0.026513163658856698,160.0,0.037465464195808096,140.0,150.0
SM1_Dzpe,0.027153394981594303,159.0,0.034486176491330234,145.0,152.0
SlogP_VSA1,0.027815826614923544,155.0,0.03288496152949749,150.0,152.5
SlogP_VSA4,0.030952623553346825,152.0,0.0323549003845125,153.0,152.5
MINaasC,0.03114010814479684,151.0,0.03194949870352559,155.0,153.0
ATSC1dv,0.026366939508164045,161.0,0.03310803313449817,149.0,155.0
GATS2p,0.028048517898126235,154.0,0.030675451667305786,158.0,156.0
n10FaHRing,0.028690631939966904,153.0,0.027891393724699398,164.0,158.5
PEOE_VSA4,0.02755175850533398,157.0,0.0290343189185287,161.0,159.0
JGI5,0.022510345318284664,174.0,0.03343056165546532,147.0,160.5
EState_VSA6,0.020774203764755583,178.0,0.03402984904337014,146.0,162.0
CIC3,0.03126655312193183,150.0,0.0221729494127203,177.0,163.5
GATS3m,0.02748168626200531,158.0,0.02478864970935568,170.0,164.0
SMR_VSA1,0.025490628191266573,163.0,0.02780652993936039,165.0,164.0
AATS2s,0.02763967488358343,156.0,0.024285235792961934,174.0,165.0
n5aRing,0.024464095272440867,168.0,0.02893920327411803,162.0,165.0
GATS1s,0.02451567477341765,166.0,0.027290066772475363,166.0,166.0
SMR_VSA5,0.026174602462252672,162.0,0.024726409243479353,171.0,166.5
GATS2i,0.02266816378633507,173.0,0.028153915667695983,163.0,168.0
NssCH2,0.025216854417449586,165.0,0.024592346705293977,172.0,168.5
n6aHRing,0.02369154719016331,170.0,0.025873978937243525,167.0,168.5
ATSC4dv,0.023526101247244746,171.0,0.02504220475791108,169.0,170.0
ATSC8d,0.020148923335623792,181.0,0.029699910018375242,160.0,170.5
ATSC4d,0.018157746612760484,190.0,0.03236696702649766,152.0,171.0
GATS8d,0.02129755239245945,176.0,0.025327769689377,168.0,172.0
Xc-4dv,0.025378495251252797,164.0,0.020574445690811682,182.0,173.0
PEOE_VSA3,0.024488781294427664,167.0,0.019947330586034262,184.0,175.5
n6HRing,0.020405992203550216,179.0,0.02451702693138902,173.0,176.0
nFAHRing,0.02146080410446327,175.0,0.021587042876272555,178.0,176.5
EState_VSA1,0.023925298337580614,169.0,0.019695753156040663,186.0,177.5
MATS2se,0.020782650672810377,177.0,0.021216817104306784,180.0,178.5
GATS8p,0.01943890128208725,183.0,0.022650203437379446,176.0,179.5
nG12FRing,0.017507460724148438,192.0,0.023779641695878317,175.0,183.5
PEOE_VSA12,0.0202356336764975,180.0,0.018207960521625655,190.0,185.0
VSA_EState7,0.023454092616660205,172.0,0.016327668940948392,200.0,186.0
AATS7s,0.019276976097699183,184.0,0.016780212057526,197.0,190.5
Xc-6dv,0.019708050581237924,182.0,0.016510596782663534,199.0,190.5
CIC2,0.014020145315598143,206.0,0.021555663349101195,179.0,192.5
GATS4m,0.018883171427136247,186.0,0.01630305405921728,201.0,193.5
SsssCH,0.016436257126397624,194.0,0.017762052879288337,193.0,193.5
Xc-4d,0.01821931309564695,189.0,0.016590913432910748,198.0,193.5
AATS6are,0.01429261088871403,203.0,0.01827786901911388,188.0,195.5
GATS5d,0.01454492994758283,200.0,0.01793848439756829,191.0,195.5
MATS1d,0.018222714209780833,188.0,0.016116342537800143,204.0,196.0
GATS2s,0.015093728749098645,198.0,0.017436230066741665,196.0,197.0
BIC1,0.013528414576939873,208.0,0.01765083056531047,194.0,201.0
n9FARing,0.01616468215565825,195.0,0.015488262728809765,208.0,201.5
MATS3m,0.012465323233453951,221.0,0.020230383994693568,183.0,202.0
AATSC6Z,0.01587305701852859,196.0,0.015410448059663295,209.0,202.5
MATS2s,0.01891012546178583,185.0,0.013120249248432359,221.0,203.0
MIC1,0.01216108798812332,225.0,0.020781665111337055,181.0,203.0
SddssS,0.017302418284618648,193.0,0.014552518782932067,214.0,203.5
n10FARing,0.014326223087406165,202.0,0.01484263816834841,212.0,207.0
MINaaCH,0.018002958676252234,191.0,0.012563386401738263,226.0,208.5
SssCH2,0.011127373592838552,233.0,0.018561471070887237,187.0,210.0
AATS6s,0.012888867762893774,216.0,0.015547519941328858,207.0,211.5
AATS5s,0.011748930873867636,229.0,0.017443763881159313,195.0,212.0
n10FAHRing,0.013457914627400314,209.0,0.014211971279899815,216.0,212.5
SMR_VSA4,0.012750508936765215,217.0,0.01508883798963101,211.0,214.0
nG12FAHRing,0.013021517507385227,214.0,0.014377805390925591,215.0,214.5
AATS3s,0.01177505046227001,228.0,0.016072379698091943,205.0,216.5
ATSC0c,0.011296362956904282,232.0,0.01621554961675109,203.0,217.5
GATS3d,0.011375104907790146,231.0,0.0157863798789446,206.0,218.5
Xc-6d,0.01456181190381689,199.0,0.011605479219784387,238.0,218.5
GATS8i,0.010432313239034485,250.0,0.018256082183884637,189.0,219.5
C3SP3,0.013094689841559592,213.0,0.01242391949343169,227.0,220.0
n5AHRing,0.01355457187479403,207.0,0.0116167181661746,236.0,221.5
AATSC7d,0.012061459928495388,227.0,0.013234080875955456,220.0,223.5
GATS3i,0.012405646161425032,223.0,0.012093514282047302,230.0,226.5
nAcid,0.01111998693822236,234.0,0.013548974994977314,219.0,226.5
ATSC6d,0.01021005923392071,264.0,0.017807211880877638,192.0,228.0
AATS7are,0.011041386100130168,235.0,0.012259370825503879,228.0,231.5
GATS6d,0.010583613282791227,242.0,0.012841180524061357,223.0,232.5
NssssC,0.01097415418360348,237.0,0.01220241462515359,229.0,233.0
SsI,0.011421991207006599,230.0,0.01152113269611188,239.0,234.5
nARing,0.010899521477647722,238.0,0.012024222327971623,231.0,234.5
GATS5i,0.014175660333217266,205.0,0.009275597300516303,276.0,240.5
n4ARing,0.010281082620855475,256.0,0.012746449316602737,225.0,240.5
SMR_VSA2,0.010371329939748986,252.0,0.011952505095473409,232.0,242.0
NaaO,0.010340825658966102,253.0,0.011848839622654816,233.0,243.0
NsOH,0.009955858246522453,269.0,0.013960922360729322,218.0,243.5
C4SP3,0.011013619996386836,236.0,0.010812393748801608,252.0,244.0
ATSC2dv,0.00792662798477295,287.0,0.016265701076554784,202.0,244.5
NdNH,0.010553067012641248,244.0,0.010943697429839139,245.0,244.5
SsSH,0.010525090829846095,246.0,0.010978705245430653,243.0,244.5
GATS8v,0.01268890346769691,218.0,0.009697573896130685,272.0,245.0
GATS5dv,0.010557504242742155,243.0,0.010838346943331523,248.0,245.5
NaasN,0.010632775155058338,241.0,0.010819580014236774,250.0,245.5
n7AHRing,0.012441505662323937,222.0,0.009939027883318241,270.0,246.0
n4aRing,0.01043379245708298,249.0,0.010919547458185574,246.0,247.5
GATS3dv,0.009746110936965202,272.0,0.012786469390027477,224.0,248.0
nHetero,0.004526990343326265,311.0,0.01972394710446501,185.0,248.0
GATS4are,0.013159659902491683,212.0,0.008101310731222,286.0,249.0
n12AHRing,0.010546508609389882,245.0,0.01081151174568673,253.0,249.0
n8FaRing,0.01048903157494152,247.0,0.010815437697121344,251.0,249.0
NssO,0.009298696160933595,277.0,0.013066657744533305,222.0,249.5
NdssC,0.013404173071007497,210.0,0.0075519428493082685,290.0,250.0
VSA_EState5,0.014285746047352887,204.0,0.006799157839164849,296.0,250.0
ATSC3v,0.0188363305272512,187.0,0.003983703137838468,315.0,251.0
nG12AHRing,0.010473970156825274,248.0,0.010729126995861704,256.0,252.0
NtN,0.010072205218961905,268.0,0.011606022076499078,237.0,252.5
MATS7s,0.012090158365248627,226.0,0.008907102242007525,281.0,253.5
n8ARing,0.010247335641844324,260.0,0.01090020904837341,247.0,253.5
MATS1dv,0.01520924298188131,197.0,0.004317822971947827,312.0,254.5
MATS4are,0.006203061002524102,300.0,0.015331984445806413,210.0,255.0
n12FRing,0.010229045116237345,262.0,0.010830106914481274,249.0,255.5
MINdssC,0.00602208140971161,302.0,0.014834229000668664,213.0,257.5
AATSC8p,0.009330414656803399,276.0,0.011335441969873905,240.0,258.0
NsssB,0.010251547882802692,258.0,0.010702151815525696,258.0,258.0
MATS5m,0.012997917311529328,215.0,0.00575294836499296,302.0,258.5
ATSC7dv,0.01268153401487293,219.0,0.006084157641204513,299.0,259.0
GATS7dv,0.010698439284453798,240.0,0.009154508113989657,278.0,259.0
n12FaRing,0.010227392507986544,263.0,0.010736022181110472,255.0,259.0
MATS7m,0.01443289309412954,201.0,0.003273786442689719,318.0,259.5
n5FRing,0.010292159321693028,254.0,0.010670370949770747,265.0,259.5
n7aRing,0.010251547882800804,259.0,0.010695979158911295,261.0,260.0
ATSC5v,0.00885400797977276,279.0,0.010963677027779006,244.0,261.5
SssSe,0.010234264005354321,261.0,0.010691040594689949,262.0,261.5
n12FAHRing,0.010251684309923959,257.0,0.010638086370818645,266.0,261.5
n8FRing,0.010282935159481199,255.0,0.010490462975573323,268.0,261.5
GATS6s,0.01339296492682518,211.0,0.004233204634498833,313.0,262.0
MAXdssC,0.005462660600128011,307.0,0.01400921149594847,217.0,262.0
n10AHRing,0.010204798749095412,265.0,0.010697671343858906,259.0,262.0
n8FARing,0.010094584168358511,266.0,0.010696067926869168,260.0,263.0
NsNH2,0.008349622138756674,286.0,0.01106663893721116,241.0,263.5
nBridgehead,0.0099287389640772,270.0,0.01070427900172255,257.0,263.5
GATS7m,0.012296361894345686,224.0,0.0054532747442817,306.0,265.0
n6FHRing,0.01009455906294554,267.0,0.010689938330791682,263.0,265.0
NsssN,0.010717837671705865,239.0,0.007277668339852328,294.0,266.5
nSpiro,0.009891255606651939,271.0,0.010682111642084102,264.0,267.5
GATS3s,0.008612490584763322,282.0,0.010780240051188272,254.0,268.0
AATS3are,0.005907259688157751,303.0,0.011673796934136504,235.0,269.0
ATSC2v,0.01265015695856686,220.0,0.003130981367149843,320.0,270.0
GATS7s,0.003931506045603328,314.0,0.01183358634736642,234.0,274.0
AATSC1dv,0.009590039566441888,274.0,0.009442094807532442,275.0,274.5
MATS8c,0.005416634440808643,308.0,0.011032627255057825,242.0,275.0
GATS6are,0.010419878758658463,251.0,0.006047658671367806,300.0,275.5
ATSC3dv,0.007488392392603238,290.0,0.009862603101167267,271.0,280.5
ATSC5s,0.009604031869034912,273.0,0.007969531238375183,288.0,280.5
ATSC7s,0.009351230006128475,275.0,0.006913209071345072,295.0,285.0
MATS4s,0.007302449558014956,291.0,0.008969338085896617,279.0,285.0
AATSC8i,0.008414170940468146,285.0,0.00803515649204023,287.0,286.0
GATS6dv,0.008646518406589365,281.0,0.007382696252893339,292.0,286.5
GATS4s,0.008518133373988768,283.0,0.0075343947174566495,291.0,287.0
AATSC8s,0.0046445942672956875,310.0,0.010543082070913812,267.0,288.5
AATSC3pe,0.008677154237793694,280.0,0.005813717013496422,301.0,290.5
ATSC6p,0.004441576970473982,313.0,0.010109336646752176,269.0,291.0
ATSC7c,0.006198688408761477,301.0,0.008194117674304557,284.0,292.5
MATS5s,0.007735569369695661,288.0,0.006382737834943697,298.0,293.0
ATSC1pe,0.003404802416969055,322.0,0.009662167085052076,273.0,297.5
MATS3se,0.007210256237067725,292.0,0.005015643894983768,308.0,300.0
ATSC5c,0.003735290954657522,316.0,0.008136654146088773,285.0,300.5
ATSC4p,0.007685983343251657,289.0,0.004052124609358998,314.0,301.5
ATSC5se,0.0009344886384488049,330.0,0.009463387476619012,274.0,302.0
ATSC6v,0.002774223016543509,325.0,0.008719049827001335,282.0,303.5
AATSC4pe,0.009009477074625849,278.0,0.0,330.0,304.0
ATSC2i,0.008444779122304347,284.0,0.0019957099876064532,324.0,304.0
ATSC3c,0.0035650446978312544,319.0,0.007756829661880182,289.0,304.0
ATSC4i,0.0007105036917716134,331.0,0.009271915366200645,277.0,304.0
ATSC4Z,0.0015509318315647391,329.0,0.008968279840311233,280.0,304.5
ATSC7i,0.0023585455834975733,327.0,0.008596472986073245,283.0,305.0
GATS5are,0.007189154842186518,293.0,0.003454913235247048,317.0,305.0
SdssC,0.0037193933197636753,317.0,0.007330748055493608,293.0,305.0
MATS1c,0.005135725606018049,309.0,0.005719978445458018,303.0,306.0
ATSC6se,0.00647213587554063,298.0,0.003573349805271242,316.0,307.0
ATSC8s,0.005547554262935961,305.0,0.00446556560612521,310.0,307.5
ATSC8p,0.004460976336097211,312.0,0.005553555581712999,304.0,308.0
GATS6c,0.0068617791950229545,295.0,0.002914107434559554,321.0,308.0
nHBAcc,0.0066050639637604824,297.0,0.0024971519055374536,322.0,309.5
ATSC3se,0.006913428654050868,294.0,0.0018496415040223368,326.0,310.0
GATS7c,0.0030240115346558127,324.0,0.006531649379265758,297.0,310.5
MATS3s,0.006352771743237895,299.0,0.0023699622243338325,323.0,311.0
AATSC0c,0.00562137807123797,304.0,0.0032316695494607472,319.0,311.5
MATS8se,0.006710245585853869,296.0,8.013784629579135e-05,328.0,312.0
AATSC8pe,0.0034271220593158347,320.0,0.0054843658035279574,305.0,312.5
nHBDon,0.003837896007678143,315.0,0.004418533508446121,311.0,313.0
ATSC8se,0.0034207618239747717,321.0,0.005402518019893776,307.0,314.0
nO,0.005522548695489071,306.0,0.0019028221392436429,325.0,315.5
GATS5c,0.0018485778798034147,328.0,0.004982691544287654,309.0,318.5
ATSC6s,0.0036664028659298964,318.0,0.0,330.0,324.0
MATS6s,0.0031931695123921244,323.0,0.0009151314801298938,327.0,325.0
GATS7are,0.002488877537724754,326.0,0.0,330.0,328.0
